,Media Source,Date,Text,Compound,Positive,Neutral,Negative,Tweet Count
0,BBC,Sat Jun 09 20:04:00 +0000 2018,"Would you describe yourself as a feminist?
#HearHer https://t.co/RZh8XfEria",0.0,0.0,1.0,0.0,1
1,BBC,Sat Jun 09 19:02:05 +0000 2018,"What is it like being Germaine Greer? This observational documentary spends time with her and finds out.

Germaine‚Ä¶ https://t.co/YauZn2kit4",0.3612,0.122,0.878,0.0,2
2,BBC,Sat Jun 09 18:04:03 +0000 2018,"The cast of @QueerEye brought a bag of goodies along to @BBCR1's #BiggestWeekend üòçüéÅ

Here's what @tanfrance,‚Ä¶ https://t.co/c82OxTDXfI",0.0,0.0,1.0,0.0,3
3,BBC,Sat Jun 09 17:01:05 +0000 2018,"One hundred years after some women won the right to vote, @ScarlettMoffatt tells the story of the suffragettes. https://t.co/B8gr3KbzkJ",0.5719,0.171,0.829,0.0,4
4,BBC,Sat Jun 09 16:04:03 +0000 2018,"A year on from the Grenfell Tower fire, Sean and his charity have been supporting children affected by the tragedy,‚Ä¶ https://t.co/GXtypl36BW",0.4019,0.222,0.623,0.156,5
5,BBC,Sat Jun 09 15:02:02 +0000 2018,One shocking day of sexual violence from the police altered the suffragettes' political strategy forever.‚Ä¶ https://t.co/O1pfqAhXLa,-0.7783,0.0,0.673,0.327,6
6,BBC,Sat Jun 09 14:04:02 +0000 2018,‚ù§Ô∏èÔ∏è This is what love looks like. https://t.co/Qle1eoBU5x,0.7717,0.528,0.472,0.0,7
7,BBC,Sat Jun 09 13:24:03 +0000 2018,"üòÜ @ChanningTatum and @UsainBolt have all the moves.  
#TheGNShow https://t.co/ry6TVJ6b6P",0.0,0.0,1.0,0.0,8
8,BBC,Sat Jun 09 13:03:06 +0000 2018,"Fifty nations are now taking action to reduce plastic pollution, according to the biggest report so far from the‚Ä¶ https://t.co/cz3KvhuKb4",0.0,0.0,1.0,0.0,9
9,BBC,Sat Jun 09 12:23:25 +0000 2018,RT @BBCNews: The Royal family watch the RAF flypast from Buckingham Palace. 23 aircraft are taking part to mark the Queen's official birthd‚Ä¶,0.0,0.0,1.0,0.0,10
10,BBC,Sat Jun 09 12:03:00 +0000 2018,Your friend that likes gin will LOVE this. #TopOfTheShop üòç #WorldGinDay https://t.co/0y9sqjluRF,0.8986,0.577,0.423,0.0,11
11,BBC,Sat Jun 09 11:10:52 +0000 2018,RT @BBCNews: The Trooping the Colour parade which marks the Queen's official birthday is underway in London. The Queen and Duke and Duchess‚Ä¶,0.0,0.0,1.0,0.0,12
12,BBC,Sat Jun 09 11:04:08 +0000 2018,"üòÇ Fashion sense v common sense: the battle rages on.

Is the 'fanny pack shoe' an ugly fashion step too far?
üëâ‚Ä¶ https://t.co/WJ11O2gJxE",-0.8402,0.0,0.667,0.333,13
13,BBC,Sat Jun 09 10:10:06 +0000 2018,"As football fans across the globe look forward to #Russia2018, @mrdanwalker looks back at England's World Cup-winni‚Ä¶ https://t.co/3w7JJV7JwI",0.0,0.0,1.0,0.0,14
14,BBC,Sat Jun 09 10:09:40 +0000 2018,"RT @bbcstories: Ever wondered why alcohol can seem to solve all our problems, but ends up making them even worse? This doctor‚Äôs explanation‚Ä¶",-0.6808,0.051,0.73,0.219,15
15,BBC,Sat Jun 09 08:55:42 +0000 2018,"RT @BBCBreakfast: Yep, this is real... Russian hosts are being taught how to smile to make visitors feel welcome to the World Cup. üòÅ
#BBCWo‚Ä¶",0.7717,0.268,0.732,0.0,16
16,BBC,Sat Jun 09 08:54:21 +0000 2018,"RT @bbcrb: Just amazing.
The WHOLE community was invited to this Iftar meal. THOUSANDS turned up! üôåüôå https://t.co/WAOYvHIbx3",0.6239,0.194,0.806,0.0,17
17,BBC,Sat Jun 09 08:53:14 +0000 2018,RT @bbccomedy: Dame Emma Thompson! ‚ù§Ô∏è #QueensBirthdayHonours https://t.co/sGDU1GC3SU,0.0,0.0,1.0,0.0,18
18,BBC,Sat Jun 09 08:52:54 +0000 2018,"RT @BBC6Music: Which riffs do you wish you had written?

ü§ò @st_vincent had some brilliant suggestions when she took over our Instagram toda‚Ä¶",0.7579,0.245,0.755,0.0,19
19,BBC,Sat Jun 09 08:52:46 +0000 2018,RT @BBCArtsPR: Our very own @wmarybeard has received a damehood in the Queen's birthday honours list - congratulations Mary! @bbcarts @BBCF‚Ä¶,0.8122,0.303,0.697,0.0,20
20,BBC,Sat Jun 09 08:52:33 +0000 2018,RT @bbcarts: Women across Britain raise banners for suffrage &amp; what it means to be a C21st woman. See selection of brilliant banners prior‚Ä¶,0.5859,0.147,0.853,0.0,21
21,BBC,Sat Jun 09 08:50:01 +0000 2018,"RT @BBCEngland: Britain's longest-serving poppy seller, 103-year-old Rosemary Powell, has been appointed an MBE in the Queen's birthday hon‚Ä¶",0.0,0.0,1.0,0.0,22
22,BBC,Sat Jun 09 08:32:05 +0000 2018,"üá¨üáß @huwbbc introduces live coverage of the military parade to mark the official birthday of HM the Queen. 

Troopin‚Ä¶ https://t.co/y1b6OpOoey",0.0,0.0,1.0,0.0,23
23,BBC,Sat Jun 09 07:28:04 +0000 2018,"The charming and beautiful films of Lotte Reiniger, forgotten pioneer of animation. https://t.co/T2N7eLjHKh",0.7783,0.393,0.51,0.097,24
24,BBC,Fri Jun 08 20:04:03 +0000 2018,"üé∂ Tonight, @ArcticMonkeys perform live for @BBCR1 at the legendary Maida Vale studios.

Artic Monkeys Live at the B‚Ä¶ https://t.co/l8FI1nOTWY",0.0,0.0,1.0,0.0,25
25,BBC,Fri Jun 08 18:09:05 +0000 2018,üíÉüï∫ Why does dancing with our friends make us feel so good? https://t.co/iokI919nJp,0.7809,0.383,0.617,0.0,26
26,BBC,Fri Jun 08 17:03:04 +0000 2018,üé∂ü¶àüöÄüöó From jazz-loving sharks to @elonmusk shooting his car into space: these are the 7 funniest news stories of the‚Ä¶ https://t.co/TN5XaD9I0k,0.5574,0.159,0.841,0.0,27
27,BBC,Fri Jun 08 16:02:00 +0000 2018,Leaving your responsibilities behind on a Friday like... üíÅüëã #FridayFeeling @taylorswift13 https://t.co/wvmpzlOSel,0.0,0.0,1.0,0.0,28
28,BBC,Fri Jun 08 13:03:05 +0000 2018,"üì∫ From drama Succession to the return of @PoldarkTV, here are the TV shows worth watching in June. 
üëâ‚Ä¶ https://t.co/VFdghjNGmK",0.4019,0.179,0.821,0.0,29
29,BBC,Fri Jun 08 12:28:10 +0000 2018,RT @bbcouch: We can announce today that Britain's Got Talent winner @LostVoiceGuy will be hosting our Storytelling Live event at @edfringe!‚Ä¶,0.784,0.266,0.734,0.0,30
30,BBC,Fri Jun 08 12:24:37 +0000 2018,"RT @BBCEarth: We all have a part to play in protecting #OurBluePlanet.
#WorldOceansDay üíô https://t.co/1TM73iYPmA",0.34,0.167,0.833,0.0,31
31,BBC,Fri Jun 08 12:19:25 +0000 2018,"üíî US celebrity chef and television personality Anthony Bourdain has been found dead in his hotel room, aged 61.
üëâ‚Ä¶ https://t.co/55jBxSrdUS",-0.6486,0.0,0.815,0.185,32
32,BBC,Fri Jun 08 12:04:03 +0000 2018,The unexpected pioneering women of electronic music. https://t.co/ih6gK1Sz0y,0.0,0.0,1.0,0.0,33
33,BBC,Fri Jun 08 11:03:04 +0000 2018,"Forget hygge, a new Nordic lifestyle trend called 'p√§ntsdrunk' is all about drinking in your underwear. üëôüçª‚Ä¶ https://t.co/SBTQBZ5E5e",-0.2263,0.0,0.894,0.106,34
34,BBC,Fri Jun 08 10:52:51 +0000 2018,"RT @UKMoments: All-day Friday @BBC6Music will be playing an all-female playlist, spun by an all-woman DJ line up as part of the BBC's #Hear‚Ä¶",0.2023,0.073,0.927,0.0,35
35,BBC,Fri Jun 08 10:50:03 +0000 2018,"Pippa Middleton has confirmed she is expecting her first child with husband James Matthews. 
https://t.co/4SiziX5Tix https://t.co/bFobAI2hBp",0.0,0.0,1.0,0.0,36
36,BBC,Fri Jun 08 09:01:04 +0000 2018,"'If the oceans don't stay healthy, human beings are doomed.' 
#WorldOceansDay https://t.co/5aTLEHZ9Mi",-0.3089,0.0,0.83,0.17,37
37,BBC,Fri Jun 08 08:46:14 +0000 2018,"RT @BBC6Music: This Friday, @St_Vincent takes over our Instagram (https://t.co/ui96YFYsuH) and offers some advice to improve your day. Here‚Ä¶",0.4404,0.139,0.861,0.0,38
38,BBC,Fri Jun 08 08:01:07 +0000 2018,"These ducklings jumping from their nest are absolutely adorable. ü¶Üüê£‚ù§Ô∏èÔ∏è
https://t.co/NlQijnt3hm",0.5413,0.259,0.741,0.0,39
39,BBC,Fri Jun 08 07:29:05 +0000 2018,"üèô We often think of cities as the least healthy places to live. But what does the research say?
üëâ‚Ä¶ https://t.co/gm4wRIFCQG",-0.3089,0.0,0.894,0.106,40
40,BBC,Fri Jun 08 07:00:18 +0000 2018,"üåäüíô A message from Sir David Attenborough for #WorldOceansDay. 
 https://t.co/778x4RMMRv",0.0,0.0,1.0,0.0,41
41,BBC,Thu Jun 07 19:04:09 +0000 2018,"#OurGirl's Michelle Keegan discovers her great-great-grandmother was a suffragette, fighting for women to get the v‚Ä¶ https://t.co/sNDxrleuGi",-0.3612,0.0,0.857,0.143,42
42,BBC,Thu Jun 07 18:00:21 +0000 2018,‚ù§Ô∏èÔ∏è Harry has been wearing a Spider-Man mask during his radiotherapy to give him 'superpowers'. https://t.co/rsyOrCzD7k,0.0,0.0,1.0,0.0,43
43,BBC,Thu Jun 07 16:02:03 +0000 2018,Turns out even Shakespearean acting legends love a good chinwag. https://t.co/0DO0vG4uZg,0.7964,0.47,0.53,0.0,44
44,BBC,Thu Jun 07 15:36:48 +0000 2018,"RT @BBC6Music: üí™ Who do you hope to hear during our all-female #HearHer day from 5am-midnight on Friday?

Backstage in Belfast we asked @fi‚Ä¶",0.4404,0.116,0.884,0.0,45
45,BBC,Thu Jun 07 15:32:24 +0000 2018,This elderly man was struggling slowly across a busy road - but help was at hand! https://t.co/xfCtAOkL6F,0.8043,0.369,0.544,0.086,46
46,BBC,Thu Jun 07 14:04:02 +0000 2018,"üêç A Texan required 26 doses of anti-venom after he was bitten by the severed head of a rattlesnake he had killed.
üëâ‚Ä¶ https://t.co/zdD1aO7POz",-0.7906,0.0,0.731,0.269,47
47,BBC,Thu Jun 07 13:00:43 +0000 2018,RT @BBC_ARoadshow: 'We did it for all women' - 50 years after they walked out the Dagenham women say the fight for equal pay must go on #An‚Ä¶,-0.4588,0.0,0.862,0.138,48
48,BBC,Thu Jun 07 13:00:26 +0000 2018,"üéûüé¨ From the Jurassic World sequel to an Oscar Wilde biopic, these films are worth making a trip to the cinema for t‚Ä¶ https://t.co/PODFpM3UOq",0.2263,0.079,0.921,0.0,49
49,BBC,Thu Jun 07 12:01:05 +0000 2018,"üëäüíï If you've ever been touched by cancer, Julie's message will be important. 
https://t.co/L7Ebn2c0Ed",-0.5574,0.099,0.659,0.242,50
50,BBC,Thu Jun 07 11:46:22 +0000 2018,"RT @BBCEarth: Are you obsessed with the ocean? üåä
Do you go wild for whales? üêã
Want to share your passion for presenting with the world?
Ent‚Ä¶",0.6531,0.237,0.706,0.057,51
51,BBC,Thu Jun 07 11:01:05 +0000 2018,üíïüêÆ Cow cuddling is the new wellness trend coming to a field near you and it's guaranteed to put you in a good moooo‚Ä¶ https://t.co/8DJNABgCFc,0.7003,0.216,0.784,0.0,52
52,BBC,Thu Jun 07 09:37:40 +0000 2018,Little girls don‚Äôt stay little forever. https://t.co/3yThJBbcUs,0.0,0.0,1.0,0.0,53
53,BBC,Thu Jun 07 08:01:03 +0000 2018,What it's like to find out you were adopted at age 49. https://t.co/Fl1LZJOMKZ,0.3612,0.172,0.828,0.0,54
54,BBC,Thu Jun 07 07:28:01 +0000 2018,"The original illustrated map of The Hundred Acre Wood is expected to fetch between ¬£100,000 - ¬£150,000 when it goes‚Ä¶ https://t.co/FVle3m5MCh",0.3182,0.108,0.892,0.0,55
55,BBC,Thu Jun 07 07:01:05 +0000 2018,‚ù§Ô∏èüê∂ Some heroes don't wear capes - they wear collars. https://t.co/0YF9EdnfL1,0.5106,0.268,0.732,0.0,56
56,BBC,Wed Jun 06 20:44:01 +0000 2018,"Tonight, award-winning writer Jeanette Winterson asks what we can learn from the Suffragette movement of a century‚Ä¶ https://t.co/K9P2GuRy7X",0.0,0.0,1.0,0.0,57
57,BBC,Wed Jun 06 20:04:00 +0000 2018,Comedian @JordBrookes joins @SusanCalman for #MrsBrightside - her brand new podcast about mental health from the po‚Ä¶ https://t.co/nIvQ5c2NNT,0.3818,0.14,0.86,0.0,58
58,BBC,Wed Jun 06 19:03:03 +0000 2018,"Tonight, #OurGirl actress @michkeegan uncovers some exceptional women on her family tree. üôãüíï

Who Do You Think You‚Ä¶ https://t.co/HDwdTyTqIw",0.0,0.0,1.0,0.0,59
59,BBC,Wed Jun 06 18:03:04 +0000 2018,No leaks (and better orgasms) - what you need to know about your pelvic floor. https://t.co/m8pGrbm71M,0.1779,0.16,0.718,0.122,60
60,BBC,Wed Jun 06 17:02:09 +0000 2018,"74 years on from D-Day, these infrared photos show WW2 bunkers in new light. üì∑ 
https://t.co/Dn2XKQ5jtZ https://t.co/Rqm91pIfj4",0.0,0.0,1.0,0.0,61
61,BBC,Wed Jun 06 16:00:01 +0000 2018,"There are more than 110,000 gang members in Honduras and they're tearing the country apart. https://t.co/ZF9M0iAvzb",0.0,0.0,1.0,0.0,62
62,BBC,Wed Jun 06 13:02:05 +0000 2018,From a French novel about the Burundi genocide to a Chilean mystery: add these titles to your book shelf this month‚Ä¶ https://t.co/T9AG8kvoPG,0.3182,0.108,0.892,0.0,63
63,BBC,Wed Jun 06 12:21:20 +0000 2018,"RT @BBC_ARoadshow: Fiona discovers more about suffragette Emily Wilding Davison, who died after throwing herself in front of the King's hor‚Ä¶",-0.5574,0.0,0.847,0.153,64
64,BBC,Wed Jun 06 12:03:06 +0000 2018,"Ethan Hawke relives the time when one of his co-stars DIED on stage. #TheGNShow

https://t.co/XIG2Y8OA7m",-0.6523,0.0,0.764,0.236,65
65,BBC,Wed Jun 06 11:02:02 +0000 2018,"In 1993, Steven Spielberg's film Jurassic Park defined dinosaurs for an entire generation... but does it make scien‚Ä¶ https://t.co/wLK4pyl9pv",0.0,0.0,1.0,0.0,66
66,BBC,Wed Jun 06 10:01:40 +0000 2018,"RT @BBCSpringwatch: Ever heard a beatboxing starling? üîä üîä

#Springwatch https://t.co/NC52eJ4MX0",0.0,0.0,1.0,0.0,67
67,BBC,Wed Jun 06 08:55:39 +0000 2018,RT @bbcthree: Madame Poole has been ballet dancing for an astounding seven decades. #HearHer https://t.co/X6ltLoANl7,0.4215,0.167,0.833,0.0,68
68,BBC,Wed Jun 06 08:55:07 +0000 2018,"RT @BBCFOUR: Here's a sneak preview of our brand new drama #Hidden. Starts Saturday, 9pm, @BBCFour. https://t.co/cibPD1hzr3 https://t.co/te‚Ä¶",0.0,0.0,1.0,0.0,69
69,BBC,Wed Jun 06 08:02:01 +0000 2018,"When Mona began to lose her sight, her 84-year-old husband did something amazing for her... üíÖüíÑ‚ù§Ô∏èÔ∏è

https://t.co/Qle1eoBU5x",0.2732,0.177,0.698,0.126,70
70,BBC,Wed Jun 06 07:31:01 +0000 2018,"We're all familiar with that sinking, nagging feeling we get when we realise we have made the wrong choice. üòü

But‚Ä¶ https://t.co/NPYZY5U43f",-0.6486,0.059,0.711,0.229,71
71,BBC,Wed Jun 06 07:04:04 +0000 2018,"üìªüê´ü¶Öüêºü¶à @GregJames has got a new co-host!

Sir David Attenborough becomes a @BBCR1 DJ at 5pm today... 

https://t.co/zHHtjBZZ9v",0.0,0.0,1.0,0.0,72
72,BBC,Tue Jun 05 19:25:03 +0000 2018,"'The problem with plastic is that it never goes away. It doesn't decompose. It defies nature.' 
#WorldEnvironmentDay https://t.co/Tkmj9qXzlK",-0.4019,0.0,0.863,0.137,73
73,BBC,Tue Jun 05 19:02:05 +0000 2018,"#OurGirl is back and heading to Nigeria in the fight against terror. 

Our Girl | 9pm | @BBCOne |‚Ä¶ https://t.co/epbhcujexD",-0.7184,0.0,0.727,0.273,74
74,BBC,Tue Jun 05 18:02:06 +0000 2018,"üë∂ü•¶ If your child's a fussy eater, here are 5 tips from scientist @Dr_C_Llewellyn. https://t.co/MOhdgXa96t",0.0,0.0,1.0,0.0,75
75,BBC,Tue Jun 05 16:50:46 +0000 2018,RT @BBCTwo: Always wanted to pitch an idea to the stars of #DragonsDen? Well here‚Äôs your chance! Reply to this tweet with your best busines‚Ä¶,0.8221,0.281,0.719,0.0,76
76,BBC,Tue Jun 05 16:31:52 +0000 2018,"üíî Fashion designer Kate Spade, 55, has been found dead in her New York apartment.
üëâ https://t.co/ku2uHiO0Nh https://t.co/sg40Mjbb12",-0.6486,0.0,0.777,0.223,77
77,BBC,Tue Jun 05 16:00:22 +0000 2018,‚ôªÔ∏èüóë These protesters want shops to take more responsibility for the overuse of plastic packaging.‚Ä¶ https://t.co/C4YX62DYWU,-0.1531,0.076,0.814,0.11,78
78,BBC,Tue Jun 05 13:01:07 +0000 2018,"‚ù§Ô∏èüòΩ This man has vowed to be the best 'cat dad' he can be after finding random kittens under his bed. 
üëâ‚Ä¶ https://t.co/fWsKzfv8s3",0.6369,0.16,0.84,0.0,79
79,BBC,Tue Jun 05 12:00:22 +0000 2018,"üòÇ These knitted Poldark dolls are the best!
#TheGNShow https://t.co/Mpc1dWzojg",0.6696,0.36,0.64,0.0,80
80,BBC,Tue Jun 05 11:12:05 +0000 2018,"RT @BBC_ARoadshow: From artists to explorers, suffragettes to swimmers #antiquesroadshow discovers the pioneering women who have help shape‚Ä¶",0.4019,0.137,0.863,0.0,81
81,BBC,Tue Jun 05 11:00:07 +0000 2018,"How does plastic actually enter our oceans? 
#WorldEnvironmentDay https://t.co/LdOt9inVFS",0.0,0.0,1.0,0.0,82
82,BBC,Tue Jun 05 10:45:52 +0000 2018,RT @BBCBreakfast: Have you got yours yet? #gingeremoji https://t.co/hKwIsLspYC,0.0,0.0,1.0,0.0,83
83,BBC,Tue Jun 05 10:34:07 +0000 2018,RT @bbcthree: 17-year-old Dillon upcycles clothes to help young homeless people feel confident going to school or for job interviews. https‚Ä¶,0.7096,0.237,0.763,0.0,84
84,BBC,Tue Jun 05 10:31:20 +0000 2018,"RT @BBCNews: ""I was disabled before it was popular.""

@LostVoiceGuy - aka Lee Ridley - is the first comedian to win Britain's Got Talent.‚Ä¶",0.7506,0.242,0.758,0.0,85
85,BBC,Tue Jun 05 10:21:33 +0000 2018,"üé®üôå Middle-earth in colour: How Tolkien drew his fantasy universe.
üëâ https://t.co/z754byqVpR https://t.co/Jr6PnQWvIU",0.0,0.0,1.0,0.0,86
86,BBC,Tue Jun 05 09:34:23 +0000 2018,"It's time to think about our plastic behaviour.
#WorldEnvironmentDay https://t.co/kSzSawpYLv",0.0,0.0,1.0,0.0,87
87,BBC,Tue Jun 05 08:01:03 +0000 2018,Some of Arthur C Clarke's predictions about the future were bang on... https://t.co/6M7UJv6Mmh,0.0,0.0,1.0,0.0,88
88,BBC,Tue Jun 05 07:29:04 +0000 2018,"üìé The psychology of stealing office supplies. 
üëâ https://t.co/vfXaRVYcwU https://t.co/zoPWJRXVtO",-0.5719,0.0,0.654,0.346,89
89,BBC,Tue Jun 05 07:00:11 +0000 2018,üí§ Ever wondered what your brain is up to while you're dreaming? https://t.co/2JHc0lFKbS,0.0,0.0,1.0,0.0,90
90,BBC,Mon Jun 04 19:03:02 +0000 2018,"Versailles is back! Tonight, Madame de Montespan finds out how to hurt a former friend...  

#Versailles | 9pm |‚Ä¶ https://t.co/5nEGyPoAp6",-0.5707,0.0,0.822,0.178,91
91,BBC,Mon Jun 04 18:31:05 +0000 2018,"The story of a group of working-class women conducting a dangerous campaign for the vote.

Suffragettes with‚Ä¶ https://t.co/RKwQbGQMdu",-0.4767,0.0,0.829,0.171,92
92,BBC,Mon Jun 04 18:02:05 +0000 2018,The moment a dancing off-duty FBI agent drops his gun performing backflip and accidentally shoots man in leg. https://t.co/FIu2mCjlyP,-0.5859,0.0,0.769,0.231,93
93,BBC,Mon Jun 04 17:01:13 +0000 2018,"üì∏ From #Manhattanhenge to the world's largest freshwater pearl, here are some of the most striking news photos take‚Ä¶ https://t.co/5Tp0s3MG7n",0.0,0.0,1.0,0.0,94
94,BBC,Mon Jun 04 16:01:04 +0000 2018,"ü§∑‚Äç‚ôÄÔ∏èüòÇ When @CubaGoodingJr took over @BBCBreakfast.
 https://t.co/XSPs0MOKoN",0.0,0.0,1.0,0.0,95
95,BBC,Mon Jun 04 13:03:05 +0000 2018,"üßî Bearded men have been taking pictures of themselves from below and it's freaking people out...
üëâ‚Ä¶ https://t.co/FQ9t0swX2t",-0.4215,0.0,0.851,0.149,96
96,BBC,Mon Jun 04 12:34:04 +0000 2018,RT @bbcdoctorwho: Every episode of #DoctorWho since 2005 is now available to watch on @BBCiPlayer‚Ä¶ Enjoy! https://t.co/uNWq307bei https://t‚Ä¶,0.5411,0.17,0.83,0.0,97
97,BBC,Mon Jun 04 12:01:05 +0000 2018,"‚ù§Ô∏è Ethan Hawke will be forever grateful to Robin Williams for helping launch his career.
#TheGNShow https://t.co/uYMvKQvuev",0.6369,0.257,0.743,0.0,98
98,BBC,Mon Jun 04 11:05:00 +0000 2018,"Would you describe yourself as a feminist?

#HearHer https://t.co/4UZzAu2IRO",0.0,0.0,1.0,0.0,99
99,BBC,Mon Jun 04 10:18:03 +0000 2018,"RT @BBCSpringwatch: Surely this is the only way to react to chicks fledging?! üòÇ We sure are excited here at #Springwatch HQ! 

Thanks for c‚Ä¶",0.8774,0.357,0.643,0.0,100
100,CBS,Sat Jun 09 21:00:02 +0000 2018,These two know a thing or two about awards! Watch them light up the stage tomorrow at the #TonyAwards. ‚ú® https://t.co/KHVZp65oLS,0.5093,0.155,0.845,0.0,1
101,CBS,Sat Jun 09 16:00:00 +0000 2018,Here's everything you need to know before watching the #TonyAwards this Sunday at 8/7c: https://t.co/jcRgNGmLUZ https://t.co/8suUhVPFK6,0.0,0.0,1.0,0.0,2
102,CBS,Fri Jun 08 19:46:17 +0000 2018,Join @etnow's @DDirecto this Sunday on the #TonyAwards' red carpet. https://t.co/7jS8g10KmY,0.296,0.18,0.82,0.0,3
103,CBS,Fri Jun 08 15:00:03 +0000 2018,Here's @laChanze with a reminder that you can stream the #TonyAwards this Sunday on CBS All Access! https://t.co/8TDEXzKmyQ,0.0,0.0,1.0,0.0,4
104,CBS,Fri Jun 08 13:58:15 +0000 2018,"We all get by with a little help from our friends, so what better way to celebrate #NationalBestFriendsDay than to‚Ä¶ https://t.co/pIZezbBwaT",0.9078,0.436,0.564,0.0,5
105,CBS,Thu Jun 07 17:03:26 +0000 2018,"Get ready for show-stopping performances by the casts of the 2018 Tony-nominated shows Mean Girls, SpongeBob Square‚Ä¶ https://t.co/NiSx9Bbw0F",0.3612,0.128,0.872,0.0,6
106,CBS,Wed Jun 06 21:00:24 +0000 2018,Don‚Äôt miss a special performance from @springsteen this Sunday at the #TonyAwards: https://t.co/LYYdleaFwU https://t.co/IKkKoITH9y,0.2732,0.176,0.719,0.105,7
107,CBS,Wed Jun 06 00:08:30 +0000 2018,"RT @CBSThisMorning: .@SaraBareilles and @joshgroban are hosting this Sunday's @TheTonyAwards on @CBS! 

Wednesday, they'll join us LIVE on‚Ä¶",0.3595,0.128,0.872,0.0,8
108,CBS,Tue Jun 05 22:23:35 +0000 2018,"RT @SU2C: SU2C telecast Co-Executive Producer Bradley Cooper sits down with Mitch Carbon, a pediatric cancer survivor who benefited from #S‚Ä¶",-0.4404,0.1,0.723,0.177,9
109,CBS,Tue Jun 05 22:12:28 +0000 2018,RT @StrangeAngel: About last night... The #StrangeAngel screening party was a blast! Pun intended. üöÄüòè https://t.co/m64EcNmweY,0.4574,0.176,0.824,0.0,10
110,CBS,Tue Jun 05 19:00:02 +0000 2018,These CBS stars can really belt it out! Find out which celebs from your favorite shows are pitch-perfect:‚Ä¶ https://t.co/X4zMACFazB,0.5093,0.155,0.845,0.0,11
111,CBS,Tue Jun 05 15:04:41 +0000 2018,"More stars are set to appear at the #TonyAwards, including @billyjoel, @amyschumer, and @katharinemcphee. See who e‚Ä¶ https://t.co/lPUocBcn9t",0.0,0.0,1.0,0.0,12
112,CBS,Mon Jun 04 17:00:00 +0000 2018,"The #TonyAwards are just days away, and @joshgroban and @SaraBareilles will bring all they've got to Broadway's Big‚Ä¶ https://t.co/eKkWn6ClSq",0.0,0.0,1.0,0.0,13
113,CBS,Fri Jun 01 17:39:17 +0000 2018,"Call us old-fashioned, but we donut want you missing out on #NationalDonutDay! Here are a few treats from us to you‚Ä¶ https://t.co/HpzN8bQ3SO",-0.3903,0.062,0.807,0.131,14
114,CBS,Fri Jun 01 17:00:03 +0000 2018,Remember @Lin_Manuel‚Äôs beautiful sonnet from the 70th Annual Tony Awards¬Æ? Relive some of the greatest moments in‚Ä¶ https://t.co/IZjeQLd58C,0.8442,0.336,0.664,0.0,15
115,CBS,Thu May 31 23:50:00 +0000 2018,"Good friends @joshgroban and @SaraBareilles are hosting the #TonyAwards together? Well, this is bound to be fun! https://t.co/26Vgzp0s2e",0.8932,0.455,0.545,0.0,16
116,CBS,Wed May 30 15:07:34 +0000 2018,"The #TonyAwards just got even better because @UzoAduba, @MattBomer, and more stars will be presenting live! Find ou‚Ä¶ https://t.co/hfFBtWo1T9",0.4926,0.151,0.849,0.0,17
117,CBS,Mon May 28 21:00:01 +0000 2018,"Mark your calendars. @SalvationCBS returns Monday, June 25 at 9/8c! ‚òÑÔ∏è https://t.co/N9pYuhYLRF",0.0,0.0,1.0,0.0,18
118,CBS,Mon May 28 02:08:19 +0000 2018,RT @thegoodfight: All episodes of season 2 are now available. Stream #TheGoodFight on CBS All Access: https://t.co/k3tn8kR9KC https://t.co/‚Ä¶,0.0,0.0,1.0,0.0,19
119,CBS,Wed May 23 23:07:38 +0000 2018,Get the popcorn ready! üçø  It's going to be an unforgettable @survivorcbs finale. Make sure to tune in TONIGHT at 8/‚Ä¶ https://t.co/vp0JyqfXMQ,0.6239,0.211,0.789,0.0,20
120,CBS,Wed May 23 19:02:43 +0000 2018,"RT @StrangeAngel: Every brilliant mind has a dark side. #StrangeAngel launches June 14, only on CBS All Access. https://t.co/y0MZg1BzEB htt‚Ä¶",0.5859,0.174,0.826,0.0,21
121,CBS,Tue May 22 23:19:40 +0000 2018,Prepare yourself. The @NCIS_CBS season finale is unlike any other. Don't miss it TONIGHT at 8/7c. https://t.co/MOH6uiFc0C,0.1139,0.083,0.917,0.0,22
122,CBS,Tue May 22 20:02:22 +0000 2018,"Summer heats up with @CBSBigBrother, @SalvationCBS, and the brand-new competition series @TKOCBS. Find out when you‚Ä¶ https://t.co/DxE7OnKs17",0.0,0.0,1.0,0.0,23
123,CBS,Mon May 21 23:00:01 +0000 2018,Who‚Äôs going to be watching the season finale of @ManWithAPlan tonight? RT if you'll be tuning in at 8:30/7:30c! https://t.co/ARLRtVuGuc,0.0,0.0,1.0,0.0,24
124,CBS,Sun May 20 20:00:00 +0000 2018,The season finale of @MadamSecretary will leave you speechless! Make sure to tune in tonight at 10/9c. https://t.co/hqxkLZsWpl,0.3382,0.131,0.808,0.061,25
125,CBS,Sun May 20 17:00:01 +0000 2018,The @NCISLA season finale is going to be a wild ride. Don't miss all of the action starting TONIGHT at 8/7c! https://t.co/PNtUuVf9VQ,0.1867,0.08,0.92,0.0,26
126,CBS,Sat May 19 08:00:01 +0000 2018,Retweet if you're ready for the #RoyalWedding! https://t.co/k57NM7OrXn,0.4199,0.285,0.715,0.0,27
127,CBS,Fri May 18 21:00:01 +0000 2018,It's going down (literally) on the Season Finale of @HawaiiFive0CBS when a submarine appears off the coast of Waiki‚Ä¶ https://t.co/oD7Le5XUz6,0.0,0.0,1.0,0.0,28
128,CBS,Fri May 18 14:00:03 +0000 2018,"The #RoyalWedding is finally here, and you're invited! Join @CBSThisMorning‚Äôs @GayleKing and @etnow‚Äôs @KevinFrazier‚Ä¶ https://t.co/Q5xiRkXLUz",0.3595,0.151,0.849,0.0,29
129,CBS,Thu May 17 23:44:27 +0000 2018,When the @LifeInPiecesCBS season finale is back-to-back episodes. üëè Get ready for double the laughs at 9/8c! https://t.co/SYW5UzXobv,0.7177,0.285,0.715,0.0,30
130,CBS,Thu May 17 21:19:59 +0000 2018,Rules were made to be broken.üí• Don't miss the heart-pounding season finale of @swatcbs TONIGHT at 10/9c! https://t.co/NXLbeIrvcp,0.1867,0.093,0.907,0.0,31
131,CBS,Thu May 17 19:12:51 +0000 2018,"Is it fall yet? Check out the first looks at our new fall shows and stars from the CBS Upfront!

https://t.co/l7GQVRzRFw",0.0,0.0,1.0,0.0,32
132,CBS,Thu May 17 13:00:00 +0000 2018,How many shows can you binge in a month? Find out with a 1 month free trial of CBS All Access! Use code STREAMITALL‚Ä¶ https://t.co/yccQppCaxC,0.5562,0.146,0.854,0.0,33
133,CBS,Thu May 17 00:00:00 +0000 2018,"Save the dates! The CBS Fall lineup is here, and we're welcoming six new shows in addition to returning hits. Which‚Ä¶ https://t.co/f9PSQfpHL7",0.75,0.242,0.758,0.0,34
134,CBS,Wed May 16 22:56:24 +0000 2018,What happens when the friendliest guy in the Midwest moves his family next door to a not-so-friendly new LA neighbo‚Ä¶ https://t.co/KtEoNE3deL,0.5574,0.159,0.841,0.0,35
135,CBS,Wed May 16 22:56:24 +0000 2018,"When @MurphyBrownCBS returns to the news world, things sure won't be what they used to be! The revival of the groun‚Ä¶ https://t.co/jJcgyqyDxL",0.3802,0.11,0.89,0.0,36
136,CBS,Wed May 16 22:56:23 +0000 2018,"When decorated former Navy SEAL Thomas Magnum returns home to Hawaii, he embarks on a new mission: solving cases in‚Ä¶ https://t.co/6n2MWY3c2f",0.34,0.112,0.888,0.0,37
137,CBS,Wed May 16 22:56:23 +0000 2018,The ordinary turns extraordinary for this suburban couple when an exuberant young pop star unexpectedly moves in wi‚Ä¶ https://t.co/9xaAUSm5nm,0.5859,0.174,0.826,0.0,38
138,CBS,Wed May 16 22:56:23 +0000 2018,An outspoken atheist's life takes a surprising turn when he accepts a social media friend request from God! Watch w‚Ä¶ https://t.co/EbVbL0SNDk,0.8398,0.4,0.6,0.0,39
139,CBS,Wed May 16 22:56:23 +0000 2018,"When danger threatens the nation, these elite agents risk their lives to keep it safe. Join them on the case when n‚Ä¶ https://t.co/LuSY0jXBf9",-0.4588,0.163,0.577,0.26,40
140,CBS,Wed May 16 22:56:22 +0000 2018,Meet the new shows coming to CBS this fall!,0.0,0.0,1.0,0.0,41
141,CBS,Wed May 16 21:46:07 +0000 2018,So much TV to love! ‚ù§Ô∏è Be sure to follow the shows of the CBS 2018-2019 primetime lineup and stay up-to-date on the‚Ä¶ https://t.co/lQwGtznj5i,0.7777,0.236,0.764,0.0,42
142,CBS,Wed May 16 18:05:27 +0000 2018,"Every mission leaves its mark. Join us in the final mission to avenge Echo Team's deaths, tonight at 9/8c during th‚Ä¶ https://t.co/SlfprTVDgD",0.296,0.095,0.905,0.0,43
143,CBS,Wed May 16 13:52:57 +0000 2018,"Get ready for three new comedies, five new dramas and the return of the critically acclaimed @MurphyBrownCBS. Here'‚Ä¶ https://t.co/alHwUTRFKh",0.6369,0.234,0.766,0.0,44
144,CBS,Wed May 16 13:24:14 +0000 2018,"RT @happytogether: When an international pop star moves into your house, life gets a little more interesting! @wayansjr, @AmberoniStevens a‚Ä¶",0.46,0.143,0.857,0.0,45
145,CBS,Wed May 16 13:23:26 +0000 2018,"RT @TheNeighborhood: You can‚Äôt pick your neighbors, but Calvin sure wishes he could! @CedEntertainer stars in the new comedy #TheNeighborho‚Ä¶",0.8122,0.33,0.67,0.0,46
146,CBS,Tue May 15 20:16:38 +0000 2018,Tonight's the night - Agent Dwayne Pride's fate will be revealed. Don't miss the special two-hour season finale of‚Ä¶ https://t.co/52amkSiNcA,-0.2057,0.07,0.821,0.109,47
147,CBS,Mon May 14 20:59:11 +0000 2018,"Donuts down, hands up! Get ready for a dramatic turn on the finale of @SuperiorDonuts TONIGHT at 9/8c. üç©https://t.co/f5VSqOlRYu",0.4199,0.141,0.859,0.0,48
148,CBS,Mon May 14 18:17:23 +0000 2018,"RT @MagnumPICBS: Thomas Magnum is back on the case! @jay_hernandez stars in #MagnumPI, coming to #CBS. https://t.co/R1aURqMawD",0.0,0.0,1.0,0.0,49
149,CBS,Mon May 14 18:16:12 +0000 2018,"RT @GodFriendedMe: You never know who's going to send you a friend request. #GodFriendedMe, the new drama series starring @hall_m_brandon a‚Ä¶",0.4939,0.144,0.856,0.0,50
150,CBS,Mon May 14 18:15:36 +0000 2018,RT @TheRedLineCBS: Three Chicago families‚Äô lives converge in the wake of a mistaken shooting. From acclaimed producers @ava and @GBerlanti‚Ä¶,-0.3612,0.0,0.878,0.122,51
151,CBS,Mon May 14 18:15:08 +0000 2018,"RT @FamCBS: No family is perfect, especially this #FAM! @ninadobrev, @toneBell and @odessaadlon star in the new #CBS comedy #FAM. https://t‚Ä¶",0.6476,0.243,0.674,0.082,52
152,CBS,Mon May 14 18:14:46 +0000 2018,"RT @TheCodeCBS: Their code is honor, courage and commitment. They pursue military justice at home and abroad. #TheCode coming to #CBS. http‚Ä¶",0.9081,0.408,0.592,0.0,53
153,CBS,Mon May 14 18:14:22 +0000 2018,RT @FBICBS: Meet the FBI agents who are investigating the most dangerous cases threatening our nation. From Emmy Winner Dick Wolf and the t‚Ä¶,-0.762,0.111,0.586,0.303,54
154,CBS,Mon May 14 18:13:58 +0000 2018,RT @MurphyBrownCBS: The ground-breaking comedy returns. #MurphyBrown coming to #CBS. https://t.co/di8GXoVPjh,0.3612,0.2,0.8,0.0,55
155,CBS,Mon May 14 14:42:00 +0000 2018,RT @StrangeAngel: Play with fire. üî• #StrangeAngel launches June 14 on #CBSAllAccess. https://t.co/xiFSkVz1vB https://t.co/Aw3kGeHyj4,0.0,0.152,0.696,0.152,56
156,CBS,Sun May 13 13:16:14 +0000 2018,"Happy #MothersDay to the moms who comfort us, understand us, and keep us centered. We ‚ù§Ô∏è you. https://t.co/4YDmZrTGIC",0.7351,0.279,0.721,0.0,57
157,CBS,Fri May 11 23:00:40 +0000 2018,The more the merrier! CBS has ordered five more shows that just might become your new favorites next season:‚Ä¶ https://t.co/2g5OSj2xPu,0.7245,0.252,0.748,0.0,58
158,CBS,Fri May 11 20:55:08 +0000 2018,Thinking about the @BlueBloods_CBS season finale like‚Ä¶ Don‚Äôt miss the surprising reveal TONIGHT at 10/9c. https://t.co/8ExkPFpnFj,0.128,0.119,0.791,0.09,59
159,CBS,Thu May 10 23:11:17 +0000 2018,"Double the @MomCBS, double the fun! Anyone else feel like they hit the jackpot with the back-to-back Season Finale‚Ä¶ https://t.co/ebq8WJLKGf",0.7263,0.253,0.747,0.0,60
160,CBS,Thu May 10 19:24:10 +0000 2018,"2 suitors, 1 Meemaw and 1 Sheldon. You won‚Äôt want to miss the season finale of @YoungSheldon tonight at 8:30/7:30c. https://t.co/Hht2yRE7ly",-0.0772,0.069,0.847,0.085,61
161,CBS,Thu May 10 18:03:26 +0000 2018,Broadway's Biggest Night is around the corner! Who are you hoping to see? #TonyAwards2018 ‚ú® https://t.co/KLT8QCxWcK,0.4753,0.181,0.819,0.0,62
162,CBS,Thu May 10 15:30:40 +0000 2018,"The big day is finally here, and you‚Äôre invited. üë∞ Make sure to tune in to the @bigbangtheory‚Äôs star-studded #ShAmy‚Ä¶ https://t.co/la9E6tvQ5b",0.3182,0.108,0.892,0.0,63
163,CBS,Wed May 09 21:35:00 +0000 2018,"Before the #ShAmy wedding tomorrow, the @bigbangtheory stars &amp; special guests play a game of ""yay or nay"" with thes‚Ä¶ https://t.co/ZpCM16qOyT",0.8176,0.333,0.667,0.0,64
164,CBS,Wed May 09 19:36:24 +0000 2018,Get ready for more laughs! Learn more about the two new comedies coming to CBS: https://t.co/cpT3fd2RH5 https://t.co/NGrcp803zW,0.8395,0.391,0.609,0.0,65
165,CBS,Tue May 08 22:26:55 +0000 2018,"Goodbyes are never easy.  After 15 seasons, don‚Äôt miss Abby‚Äôs final episode of @NCIS_CBS tonight at 8/7c.  https://t.co/GTGj2YRJA1",-0.4599,0.0,0.8,0.2,66
166,CBS,Tue May 08 19:55:32 +0000 2018,Will you be watching the @BullCBS Season 2 Finale tonight at 9/8c? RT if your answer is yes! https://t.co/OxnyEDVsKj,0.4574,0.15,0.85,0.0,67
167,CBS,Tue May 08 17:18:20 +0000 2018,RT @thegoodfight: Listening to #QueenBaranski read fan tweets is like poetry. üòç Warning: this video will give you ALL the feels. ‚ò∫Ô∏è‚ù§Ô∏è #TheG‚Ä¶,0.34,0.183,0.725,0.092,68
168,CBS,Mon May 07 17:50:20 +0000 2018,"RT @KevinCanWaitCBS: Season 2 of #KevinCanWait comes to a close tonight, and @KevinJames and @LeahRemini have A LOT to say about it. https:‚Ä¶",0.0,0.0,1.0,0.0,69
169,CBS,Fri May 04 21:00:00 +0000 2018,Spend your Friday night with this dynamic duo! Tune in to the season finale of @MacGyverCBS at 8/7c on CBS and CBS‚Ä¶ https://t.co/AfWUVo4GSu,0.5093,0.13,0.87,0.0,70
170,CBS,Fri May 04 18:42:12 +0000 2018,RT @undercover_cbs: Get ready for the series premiere of #CelebrityBoss in just seven days! How would you react if your favorite celebrity‚Ä¶,0.6996,0.225,0.775,0.0,71
171,CBS,Fri May 04 14:48:42 +0000 2018,The force is strong on the set of @bigbangtheory! #MayThe4thBeWithYou https://t.co/uYyXKtuVCM,0.5562,0.264,0.736,0.0,72
172,CBS,Wed May 02 19:04:01 +0000 2018,RT @thegoodfight: The fight's not over yet. #TheGoodFight is renewed for Season 3. https://t.co/gUrDeA5KQP,0.0,0.0,1.0,0.0,73
173,CBS,Tue May 01 23:10:50 +0000 2018,RT @TKOCBS: Both @hwventure and @janemun have been named Executive Producers and showrunners of #TKO: TOTAL KNOCK OUT! Learn more about the‚Ä¶,0.0,0.0,1.0,0.0,74
174,CBS,Tue May 01 17:58:51 +0000 2018,"RT @StrangeAngel: Sex. Magick. Rocket Science. #StrangeAngel launches June 14, only on CBS All Access. https://t.co/I3sqWMASxl https://t.co‚Ä¶",0.0,0.0,1.0,0.0,75
175,CBS,Tue May 01 15:16:28 +0000 2018,"Broadway's Biggest Night will honor the best in theatre on Sunday, June 10! Here are the nominees for the‚Ä¶ https://t.co/tCiNaLGIvq",0.8268,0.299,0.701,0.0,76
176,CBS,Mon Apr 30 22:54:18 +0000 2018,We congratulate all of our CBS #DaytimeEmmy Award winners! Check out the stars who joined @TheTalkCBS hosts to cele‚Ä¶ https://t.co/JfUFINmYGH,0.8777,0.373,0.627,0.0,77
177,CBS,Mon Apr 30 13:28:01 +0000 2018,RT @KevinJames: Getting the band back together @AdamSandler @chrisrock @MikeDelguidice1 @KevinCanWaitCBS #KevinCanWait https://t.co/Mo5EWck‚Ä¶,0.0,0.0,1.0,0.0,78
178,CBS,Mon Apr 30 02:22:08 +0000 2018,See all of the stunning fashion looks from the @CBSDaytime stars on the #DaytimeEmmys red carpet:‚Ä¶ https://t.co/iJN1ssGPvZ,0.3818,0.14,0.86,0.0,79
179,CBS,Sun Apr 29 15:30:00 +0000 2018,The 45th annual #DaytimeEmmys are here! Congratulations to all of the wonderful @CBSDaytime stars and shows nominat‚Ä¶ https://t.co/xZhDSYnxL6,0.8356,0.33,0.67,0.0,80
180,CBS,Thu Apr 26 23:40:24 +0000 2018,These stars are going undercover for #CelebrityBoss! Find out more about Celebrity @undercover_cbs premiering May 1‚Ä¶ https://t.co/Deyn76ADT9,0.0,0.0,1.0,0.0,81
181,CBS,Wed Apr 25 21:48:49 +0000 2018,"New courage. New hope. New season. 

Season 3 of @CodeBlackCBS premieres TONIGHT at 10/9c on CBS! https://t.co/rR8xUCKlzI",0.75,0.313,0.687,0.0,82
182,CBS,Wed Apr 25 18:09:50 +0000 2018,Celebrate #DNADay by letting your forensic flag fly and revisit some classic episodes of @CSI_CBS on CBS All Access‚Ä¶ https://t.co/YCbHDK2r4b,0.5719,0.163,0.837,0.0,83
183,CBS,Wed Apr 25 16:55:33 +0000 2018,"Get ready for big reveals, dramatic conclusions, and huge guest stars! Find out more about the 2017-2018 season fin‚Ä¶ https://t.co/xcBChnjEvH",0.6239,0.221,0.779,0.0,84
184,CBS,Mon Apr 23 21:03:22 +0000 2018,Who‚Äôs ready to see these moves? üï∫ Tune in to the @latelateshow‚Äôs Carpool Karaoke Primetime Special TONIGHT at 10/9c! https://t.co/gjrURqXaPN,0.6696,0.244,0.756,0.0,85
185,CBS,Sun Apr 22 16:00:03 +0000 2018,"The 53rd #ACMawards turned into one big party when @KeithUrban and @juliamichaels performed their upbeat single ""Co‚Ä¶ https://t.co/Q3Zj3EzuNs",0.4019,0.137,0.863,0.0,86
186,CBS,Fri Apr 20 22:00:01 +0000 2018,A blind date was all it took. Learn more about Meghan Markle and her road to royalty from the people who know her b‚Ä¶ https://t.co/fEAMUblPQ4,-0.4019,0.0,0.895,0.105,87
187,CBS,Fri Apr 20 17:34:37 +0000 2018,RT @carrieunderwood: ICYMI! Watch Carrie‚Äôs performance of #CryPretty from the #ACMawards below! -TeamCU https://t.co/T9I3ko2xFu,0.0,0.0,1.0,0.0,88
188,CBS,Thu Apr 19 20:00:00 +0000 2018,There's a new addition to the cast of the upcoming revival of Murphy Brown!  Learn more about Tyne Daly's character‚Ä¶ https://t.co/ijSXSLyDaR,0.0,0.0,1.0,0.0,89
189,CBS,Thu Apr 19 19:00:02 +0000 2018,"Country superstar @LukeBryanOnline delivers his moving anthem ""Most People Are Good"" at the 53rd #ACMawards:‚Ä¶ https://t.co/GhhAsEDqmq",0.4877,0.174,0.826,0.0,90
190,CBS,Thu Apr 19 17:08:44 +0000 2018,"Coming to CBS All Access June 14, #StrangeAngel is inspired by the real life story of Jack Parsons and explores the‚Ä¶ https://t.co/IsPrXRNXye",0.4939,0.132,0.868,0.0,91
191,CBS,Wed Apr 18 21:00:01 +0000 2018,When you realize there are TWO episodes of @CrimMinds_CBS tonight! üëè Who‚Äôs ready for the double-episode season fina‚Ä¶ https://t.co/CWVAHHeIGr,0.4199,0.141,0.859,0.0,92
192,CBS,Wed Apr 18 18:57:45 +0000 2018,Giving you even more reasons to celebrate! üéâ See which CBS series are back for another year: https://t.co/O2LI0eJXTA https://t.co/H436kL1jSK,0.7688,0.294,0.706,0.0,93
193,CBS,Wed Apr 18 17:00:03 +0000 2018,"Watch country star @blakeshelton belt out his beautiful ballad ""I Lived It"" at the 53rd #AMCawards:‚Ä¶ https://t.co/w0WRmpQ6fk",0.5994,0.196,0.804,0.0,94
194,CBS,Wed Apr 18 15:14:39 +0000 2018,RT @joshgroban: I AM SO HAPPY I COULD CRY BUT ITS MIDNIGHT IN JAPAN SO I WILL SLEEP BUT ‚ÄºÔ∏è‚ÄºÔ∏è‚ÄºÔ∏è‚ÄºÔ∏èüë´üèÜüé≠üò≠üîú #TonyAwards2018 https://t.co/NLss47K6‚Ä¶,0.0903,0.14,0.736,0.125,95
195,CBS,Wed Apr 18 15:10:34 +0000 2018,Broadway stars @SaraBareilles and @joshgroban will host @TheTonyAwards on June 10! Hear how these multi-talented ar‚Ä¶ https://t.co/jy52FKd7t0,0.0,0.0,1.0,0.0,96
196,CBS,Tue Apr 17 00:26:33 +0000 2018,Can you believe it‚Äôs been 11 years since @taylorswift13‚Äôs first-ever performance at the #ACMawards?! Look back at t‚Ä¶ https://t.co/QHSPuJLLFb,0.0,0.0,1.0,0.0,97
197,CBS,Mon Apr 16 23:00:02 +0000 2018,Waiting for the @ScorpionCBS season finale to start like‚Ä¶ Tune in at 10/9c! https://t.co/peoDXtO707,0.0,0.0,1.0,0.0,98
198,CBS,Mon Apr 16 17:00:04 +0000 2018,Cast your vote! #ACMawards https://t.co/57ZN5gr6Y1,0.0,0.0,1.0,0.0,99
199,CBS,Mon Apr 16 16:02:49 +0000 2018,RT @CBSTweet: #CBSRatingsNews: #ACMawards Dominate on #CBS.  Over 12 million Total Viewers.  +11% year to year increase!  Biggest audience‚Ä¶,0.2714,0.123,0.806,0.071,100
200,CNN,Sun Jun 10 03:00:10 +0000 2018,"The week began with news of Trump canceling the Philadelphia Eagles' visit to the White House, and ended with news‚Ä¶ https://t.co/RnTSl1biuW",0.0,0.0,1.0,0.0,1
201,CNN,Sun Jun 10 02:30:06 +0000 2018,"President Trump says his relationships with other Western leaders are perfect, but the truth is the transatlantic a‚Ä¶ https://t.co/SRmvcifksG",0.6486,0.238,0.762,0.0,2
202,CNN,Sun Jun 10 02:00:55 +0000 2018,President Trump on the upcoming North Korea meeting: ‚ÄúI really feel confident. I feel that Kim Jong Un wants to do‚Ä¶ https://t.co/LYZrSETumR,0.539,0.148,0.852,0.0,3
203,CNN,Sun Jun 10 01:39:24 +0000 2018,"RT @cnnbrk: After Trump reversed his position on a G7 statement, Sen. McCain said to US allies: ""Americans stand with you, even if our Pres‚Ä¶",0.0,0.0,1.0,0.0,4
204,CNN,Sun Jun 10 01:30:15 +0000 2018,News of Anthony Bourdain‚Äôs death shook people around the world. We asked for your stories of how this gifted storyt‚Ä¶ https://t.co/FBT6PiNiuT,-0.6486,0.0,0.782,0.218,5
205,CNN,Sun Jun 10 01:00:00 +0000 2018,"One step on the island of Bermuda, and it's impossible not to be moved by its beauty, history, simplicity and charm‚Ä¶ https://t.co/EFfFTW85e1",0.5859,0.153,0.847,0.0,6
206,CNN,Sun Jun 10 00:30:08 +0000 2018,"As the millions of US children diagnosed with ADHD move into adulthood, more and more are wondering whether to cont‚Ä¶ https://t.co/KyyWswuJUN",0.0,0.0,1.0,0.0,7
207,CNN,Sun Jun 10 00:03:12 +0000 2018,"President Trump calls Canadian Prime Minister Justin Trudeau ""very dishonest and weak,"" accusing him of making ""fal‚Ä¶ https://t.co/fj0JucTrXy",-0.6901,0.0,0.738,0.262,8
208,CNN,Sun Jun 10 00:00:04 +0000 2018,"Does a pharmacy have an obligation to help a patient be sure that insurance will cover a prescription?

That's the‚Ä¶ https://t.co/luJqdfSzRj",0.6124,0.238,0.762,0.0,9
209,CNN,Sat Jun 09 23:30:13 +0000 2018,Construction workers in the UK have found wads of cash dating back to World War II at a shop that once belonged to‚Ä¶ https://t.co/wYZnzHjRli,-0.5994,0.0,0.849,0.151,10
210,CNN,Sat Jun 09 23:00:05 +0000 2018,"Charles Krauthammer, the famed conservative columnist, informed readers that he is confronting an aggressive form o‚Ä¶ https://t.co/xEzj6dMTcl",-0.296,0.0,0.824,0.176,11
211,CNN,Sat Jun 09 22:58:33 +0000 2018,BREAKING: Justify wins the 150th running of the Belmont Stakes to win horse racing‚Äôs 13th Triple Crown https://t.co/TUE8Wwe8FS,0.8176,0.319,0.681,0.0,12
212,CNN,Sat Jun 09 22:30:05 +0000 2018,The race to save the Great Barrier Reef? A coral fertility treatment designed to help damaged parts of the reef is‚Ä¶ https://t.co/3nTj0nA5h9,0.765,0.329,0.526,0.145,13
213,CNN,Sat Jun 09 22:15:00 +0000 2018,"Tyler Soloman wiped tears of joy off his face after his father, who'd been deployed overseas, surprised Tyler by sh‚Ä¶ https://t.co/8rub7aG2Ej",0.5859,0.223,0.703,0.074,14
214,CNN,Sat Jun 09 22:00:13 +0000 2018,News of Anthony Bourdain‚Äôs death shook people around the world. We asked for your stories of how this gifted storyt‚Ä¶ https://t.co/YYJPIxu1zN,-0.6486,0.0,0.782,0.218,15
215,CNN,Sat Jun 09 21:53:00 +0000 2018,"First responders in Russellville, Arkansas, went above and beyond the call of duty to surprise a teen with autism a‚Ä¶ https://t.co/h96qLLu7qu",0.2732,0.1,0.9,0.0,16
216,CNN,Sat Jun 09 21:45:05 +0000 2018,"Danny Kirwan, a guitarist who appeared on five of Fleetwood Mac's albums, died in London on Friday, according to th‚Ä¶ https://t.co/KUwHtJ6ins",-0.5574,0.0,0.841,0.159,17
217,CNN,Sat Jun 09 21:37:48 +0000 2018,JUST IN: Canadian Prime Minister Justin Trudeau says he will impose retaliatory measures to answer President Trump'‚Ä¶ https://t.co/AiVDwmzMvV,-0.296,0.0,0.885,0.115,18
218,CNN,Sat Jun 09 21:10:05 +0000 2018,"Her rare skin condition keeps her indoors, but she braved the sun to walk at graduation https://t.co/ZkdCAXZwUE https://t.co/k6YeRZ6lI0",0.5927,0.185,0.815,0.0,19
219,CNN,Sat Jun 09 21:00:06 +0000 2018,An internal Census Bureau memo sent to Commerce Secretary Wilbur Ross warns that adding a citizenship question to t‚Ä¶ https://t.co/0AZC4nYfN2,-0.1027,0.0,0.928,0.072,20
220,CNN,Sat Jun 09 20:50:07 +0000 2018,Secretary of State Mike Pompeo reiterated US calls for North Korea to completely rid itself of all remnants of its‚Ä¶ https://t.co/3RxJpEMn3K,0.0,0.0,1.0,0.0,21
221,CNN,Sat Jun 09 20:40:09 +0000 2018,Syracuse University has suspended 15 members of a professional fraternity after they appeared in videos that the sc‚Ä¶ https://t.co/X6Bs6DkczE,-0.4767,0.0,0.846,0.154,22
222,CNN,Sat Jun 09 20:30:08 +0000 2018,Porsche's first electric car will be called the Taycan https://t.co/Wxy5sh45nm https://t.co/3m7qXCcg2J,0.0,0.0,1.0,0.0,23
223,CNN,Sat Jun 09 20:20:24 +0000 2018,"There was nobody like Anthony Bourdain, and there was no show like #PartsUnknown. CNN pays tribute with a special n‚Ä¶ https://t.co/9TgJMgP7Kc",0.6705,0.297,0.618,0.085,24
224,CNN,Sat Jun 09 20:10:07 +0000 2018,"President Trump says his relationships with other Western leaders are perfect, but the truth is the transatlantic a‚Ä¶ https://t.co/o0UsVXeClf",0.6486,0.238,0.762,0.0,25
225,CNN,Sat Jun 09 20:00:09 +0000 2018,"Prince Harry and Meghan, Duchess of Sussex, joined celebrations of Queen Elizabeth II's official birthday with the‚Ä¶ https://t.co/c6kvYJ2vwn",0.0,0.0,1.0,0.0,26
226,CNN,Sat Jun 09 19:50:34 +0000 2018,President Trump on the upcoming North Korea meeting: ‚ÄúI really feel confident. I feel that Kim Jong Un wants to do‚Ä¶ https://t.co/9jM2GjrhxU,0.539,0.148,0.852,0.0,27
227,CNN,Sat Jun 09 19:40:00 +0000 2018,"One step on the island of Bermuda, and it's impossible not to be moved by its beauty, history, simplicity and charm‚Ä¶ https://t.co/EOxmxM76Kk",0.5859,0.153,0.847,0.0,28
228,CNN,Sat Jun 09 19:30:00 +0000 2018,"Will we ever fly like the Jetsons? This company just unveiled its first commercial flying car, Flyer ‚Äî and‚Ä¶ https://t.co/bZV351RYJz",0.3612,0.122,0.878,0.0,29
229,CNN,Sat Jun 09 19:20:09 +0000 2018,A man in Texas nearly died after the severed head of a rattlesnake bit him https://t.co/bqHnciUgf3 https://t.co/NmnJLHs3Hz,-0.7269,0.0,0.681,0.319,30
230,CNN,Sat Jun 09 19:17:02 +0000 2018,News of Anthony Bourdain‚Äôs death shook people around the world. We asked for your stories of how this gifted storyt‚Ä¶ https://t.co/lzZyRpT9Co,-0.6486,0.0,0.782,0.218,31
231,CNN,Sat Jun 09 19:10:07 +0000 2018,"Authorities have found the remains of a woman killed by an alligator in Davie, Florida. The woman disappeared Frida‚Ä¶ https://t.co/MlDdA6jk5h",-0.7506,0.0,0.726,0.274,32
232,CNN,Sat Jun 09 19:00:08 +0000 2018,The small (but not insignificant) ways Anthony Bourdain made a difference in the lives of some everyday people‚Ä¶ https://t.co/TMK8f9nYfC,0.0,0.0,1.0,0.0,33
233,CNN,Sat Jun 09 18:50:01 +0000 2018,"In the history of horse racing, only 12 horses have ever won the fabled Triple Crown. But why is this trophy so dif‚Ä¶ https://t.co/gDu0o6AgPX",0.5719,0.139,0.861,0.0,34
234,CNN,Sat Jun 09 18:40:00 +0000 2018,"President Trump, while making remarks at the G7 summit, says he has not spoken to Vladimir Putin in ""quite a while,‚Ä¶ https://t.co/4qmAImsiL4",0.0,0.0,1.0,0.0,35
235,CNN,Sat Jun 09 18:30:14 +0000 2018,This computer can do more calculations per second than the world's population could do in a year‚Ä¶ https://t.co/wqlDQvYF3L,0.0,0.0,1.0,0.0,36
236,CNN,Sat Jun 09 18:20:06 +0000 2018,"At the G7 meeting, President Trump called for an end to tariffs and scolded other countries for using the United St‚Ä¶ https://t.co/KG7SFGii09",0.4215,0.118,0.882,0.0,37
237,CNN,Sat Jun 09 18:10:00 +0000 2018,BlackBerry still hopes its keyboard keeps fans coming back https://t.co/AodQi1CBVV https://t.co/8KbIHW3k74,0.4215,0.219,0.781,0.0,38
238,CNN,Sat Jun 09 18:00:06 +0000 2018,The race to save the Great Barrier Reef? A coral fertility treatment designed to help damaged parts of the reef is‚Ä¶ https://t.co/MD6vhMxOh8,0.765,0.329,0.526,0.145,39
239,CNN,Sat Jun 09 17:50:06 +0000 2018,"What is a tariff? Your trade questions, answered https://t.co/AIJVEEOzHM https://t.co/HT5UJDzzjl",0.0,0.0,1.0,0.0,40
240,CNN,Sat Jun 09 17:40:05 +0000 2018,A Sikh soldier wore a turban in Queen Elizabeth ll's official birthday parade https://t.co/LK0fihnFB2 https://t.co/142baFgcVA,0.0,0.0,1.0,0.0,41
241,CNN,Sat Jun 09 17:27:05 +0000 2018,A former diplomat at the Vatican Embassy in Washington has been indicted by a Vatican court for possession of child‚Ä¶ https://t.co/CSRKlOzeg8,0.0,0.0,1.0,0.0,42
242,CNN,Sat Jun 09 17:18:43 +0000 2018,Simona Halep wins first grand slam title by beating Sloane Stephens at the French Open https://t.co/0tMJbvB40e https://t.co/s3YRroOgXu,0.2732,0.265,0.514,0.221,43
243,CNN,Sat Jun 09 16:59:35 +0000 2018,President Trump doubles down on his call for Russia to be readmitted into the G7 and blames former President Obama‚Ä¶ https://t.co/3zkWB92wwY,-0.4019,0.0,0.881,0.119,44
244,CNN,Sat Jun 09 16:47:11 +0000 2018,The Trump administration's latest attack on Obamacare would gut protections for the sick https://t.co/ikBcCkGeAT https://t.co/ehXI4vF0vc,-0.7506,0.0,0.67,0.33,45
245,CNN,Sat Jun 09 16:36:04 +0000 2018,Construction workers in the UK have found wads of cash dating back to World War II at a shop that once belonged to‚Ä¶ https://t.co/Zuo9XcYf9a,-0.5994,0.0,0.849,0.151,46
246,CNN,Sat Jun 09 16:26:06 +0000 2018,"Anthony Bourdain's fans turned the restaurant where he shot to fame as a chef into a memorial, leaving roses and no‚Ä¶ https://t.co/5fg9y1cERL",0.4404,0.132,0.868,0.0,47
247,CNN,Sat Jun 09 16:14:06 +0000 2018,"Hall of Fame trainer Bob Baffert, who is looking to make history with a win today at the Belmont Stakes, compares h‚Ä¶ https://t.co/sUsVNh98tA",0.7717,0.251,0.749,0.0,48
248,CNN,Sat Jun 09 16:00:03 +0000 2018,"The week began with news of Trump canceling the Philadelphia Eagles' visit to the White House, and ended with news‚Ä¶ https://t.co/H1ILtBxF1W",0.0,0.0,1.0,0.0,49
249,CNN,Sat Jun 09 15:50:29 +0000 2018,Illinois Republicans in Congress are making an urgent plea to President Trump: Don't let Rod Blagojevich off the ho‚Ä¶ https://t.co/L4UPCaV1kD,0.2023,0.087,0.913,0.0,50
250,CNN,Sat Jun 09 15:38:05 +0000 2018,Former Trump campaign chairman Paul Manafort and his attorneys struck back at special counsel Robert Mueller's char‚Ä¶ https://t.co/m4eIhVUiWL,0.1779,0.13,0.773,0.097,51
251,CNN,Sat Jun 09 15:27:34 +0000 2018,"Charles Krauthammer, the famed conservative columnist, informed readers that he is confronting an aggressive form o‚Ä¶ https://t.co/7vTbQ8M6D8",-0.296,0.0,0.824,0.176,52
252,CNN,Sat Jun 09 15:13:56 +0000 2018,"Prince Harry and Meghan, Duchess of Sussex, joined celebrations of Queen Elizabeth II's official birthday with the‚Ä¶ https://t.co/UkiwKzYsxC",0.0,0.0,1.0,0.0,53
253,CNN,Sat Jun 09 14:57:06 +0000 2018,Republicans haven't won statewide in Virginia since 2009. Tuesday's Senate primary shows why:‚Ä¶ https://t.co/xkWpPfkUCE,-0.4585,0.0,0.813,0.187,54
254,CNN,Sat Jun 09 14:43:08 +0000 2018,President Trump says he thinks he‚Äôll know ‚Äúwithin the first minute‚Äù if North Korea is serious about peace‚Ä¶ https://t.co/kRdFefn4fN,-0.0772,0.0,0.933,0.067,55
255,CNN,Sat Jun 09 14:36:51 +0000 2018,"RT @CNNPolitics: Trump: ""I think it would be asset to have Russia back in. I think it would be good for the world. I think it would be good‚Ä¶",0.6597,0.178,0.822,0.0,56
256,CNN,Sat Jun 09 14:30:03 +0000 2018,"""Consumer Financial Protection Bureau acting director Mick Mulvaney has ousted a committed group of experts who vol‚Ä¶ https://t.co/l36frkFEtw",0.2732,0.116,0.884,0.0,57
257,CNN,Sat Jun 09 14:24:10 +0000 2018,President Trump on the upcoming North Korea meeting: ‚ÄúI really feel confident. I feel that Kim Jong Un wants to do‚Ä¶ https://t.co/D0Fi57k3zj,0.539,0.148,0.852,0.0,58
258,CNN,Sat Jun 09 14:20:07 +0000 2018,Things don't look good for Dodge and Chrysler https://t.co/twYdKzCpZ4 https://t.co/9aKZvGnuQG,-0.3412,0.0,0.789,0.211,59
259,CNN,Sat Jun 09 14:18:20 +0000 2018,"President Trump: Trade was ""at the top of the list"" at G7 discussions because ""the United States has been taken adv‚Ä¶ https://t.co/u6247HzPsj",0.5574,0.187,0.813,0.0,60
260,CNN,Sat Jun 09 14:16:21 +0000 2018,President Trump is speaking at the G7 before heading to Singapore for the summit with Kim Jong Un. Watch live on CN‚Ä¶ https://t.co/dNYLQOvVEk,0.0,0.0,1.0,0.0,61
261,CNN,Sat Jun 09 14:09:49 +0000 2018,President Trump is planning to depart the G7 ahead of climate change talks https://t.co/bfFqMKTIrg https://t.co/6PkzSs4guA,0.0,0.0,1.0,0.0,62
262,CNN,Sat Jun 09 14:01:04 +0000 2018,Former President Obama says he‚Äôll always remember the meal he shared with Anthony Bourdain in Vietnam: ‚ÄúHe taught u‚Ä¶ https://t.co/XI67jcoy55,0.34,0.112,0.888,0.0,63
263,CNN,Sat Jun 09 13:46:07 +0000 2018,President Trump's tariffs on steel and aluminum threaten America's booming RV industry https://t.co/FxOEFN6Sx2 https://t.co/zpDj0uGxRI,-0.3818,0.0,0.833,0.167,64
264,CNN,Sat Jun 09 13:31:03 +0000 2018,"What is a tariff? Your trade questions, answered https://t.co/8Fylq20zXj https://t.co/pSfQJhAnZR",0.0,0.0,1.0,0.0,65
265,CNN,Sat Jun 09 13:26:05 +0000 2018,The Duke and Duchess of Sussex celebrate Queen Elizabeth II's official birthday with the traditional Trooping the C‚Ä¶ https://t.co/L2o8IJcNej,0.5719,0.171,0.829,0.0,66
266,CNN,Sat Jun 09 13:16:00 +0000 2018,"One step on the island of Bermuda, and it's impossible not to be moved by its beauty, history, simplicity and charm‚Ä¶ https://t.co/mPpGOqifbk",0.5859,0.153,0.847,0.0,67
267,CNN,Sat Jun 09 13:01:05 +0000 2018,"As the millions of US children diagnosed with ADHD move into adulthood, more and more are wondering whether to cont‚Ä¶ https://t.co/Qs5xlj8fwK",0.0,0.0,1.0,0.0,68
268,CNN,Sat Jun 09 12:53:19 +0000 2018,"Fans around the world mourn chef and storyteller Anthony Bourdain, sharing memories of how his travels, food and co‚Ä¶ https://t.co/jiW8HhY9ia",0.0,0.119,0.763,0.119,69
269,CNN,Sat Jun 09 12:46:08 +0000 2018,"Does a pharmacy have an obligation to help a patient be sure that insurance will cover a prescription?

That's the‚Ä¶ https://t.co/2Jxsnx7cI0",0.6124,0.238,0.762,0.0,70
270,CNN,Sat Jun 09 12:31:06 +0000 2018,Twitter has had a stunning turnaround https://t.co/hzutT84IrC https://t.co/AK7R50K5mh,0.3818,0.302,0.698,0.0,71
271,CNN,Sat Jun 09 12:16:00 +0000 2018,IHOP says it's changing name to IHOb. Many major companies also have rebranded ‚Äî some successfully and some not so‚Ä¶ https://t.co/Xz5NjtpaqH,0.4939,0.144,0.856,0.0,72
272,CNN,Sat Jun 09 12:01:03 +0000 2018,Mars is suddenly more interesting | By Jonathan Lunine via @CNNOpinion https://t.co/EA2ETHIldR https://t.co/fgmZax7nwV,0.4576,0.214,0.786,0.0,73
273,CNN,Sat Jun 09 11:52:04 +0000 2018,Construction workers in the UK have found wads of cash dating back to World War II at a shop that once belonged to‚Ä¶ https://t.co/TYdsjSziK7,-0.5994,0.0,0.849,0.151,74
274,CNN,Sat Jun 09 11:46:00 +0000 2018,"During her commencement address to the MIT Class of 2018, Facebook COO Sheryl Sandberg spoke candidly about Faceboo‚Ä¶ https://t.co/hznkJTzAPH",0.0,0.0,1.0,0.0,75
275,CNN,Sat Jun 09 11:31:05 +0000 2018,"Charles Krauthammer, the famed conservative columnist, informed readers that he is confronting an aggressive form o‚Ä¶ https://t.co/H6R3LykoER",-0.296,0.0,0.824,0.176,76
276,CNN,Sat Jun 09 11:16:00 +0000 2018,"Will we ever fly like the Jetsons? This company just unveiled its first commercial flying car, Flyer ‚Äî and‚Ä¶ https://t.co/uRJsH7yPmG",0.3612,0.122,0.878,0.0,77
277,CNN,Sat Jun 09 11:01:06 +0000 2018,The race to save the Great Barrier Reef? A coral fertility treatment designed to help damaged parts of the reef is‚Ä¶ https://t.co/AGpnS1dn0C,0.765,0.329,0.526,0.145,78
278,CNN,Sat Jun 09 10:31:49 +0000 2018,"Organizers of a fashion show in Saudi Arabia used drones to display female clothes, drawing ridicule on social medi‚Ä¶ https://t.co/cgo5HTjIJd",-0.4588,0.0,0.857,0.143,79
279,CNN,Sat Jun 09 10:16:00 +0000 2018,"From delivery to aviation, Dubai is at the forefront of drone experimentation. Here's a look at what the future hol‚Ä¶ https://t.co/IZMve8IRLb",0.0,0.0,1.0,0.0,80
280,CNN,Sat Jun 09 10:01:03 +0000 2018,Are windowless planes the future of travel? https://t.co/Fjc2m6WgtG https://t.co/ux29QpKXWA,0.0,0.0,1.0,0.0,81
281,CNN,Sat Jun 09 09:31:04 +0000 2018,"Hurricanes and tropical storms are moving more slowly around the planet, resulting in higher rainfall and more extr‚Ä¶ https://t.co/8qyqjq9IGd",0.0,0.0,1.0,0.0,82
282,CNN,Sat Jun 09 09:29:10 +0000 2018,"The Afghan Taliban called for a three-day ceasefire with Afghan forces over the Eid al-Fitr holiday, a move that fo‚Ä¶ https://t.co/BLmTAtjmRg",0.4019,0.13,0.87,0.0,83
283,CNN,Sat Jun 09 09:16:00 +0000 2018,"Tyler Soloman wiped tears of joy off his face after his father, who'd been deployed overseas, surprised Tyler by sh‚Ä¶ https://t.co/uzD0GNZH2P",0.5859,0.223,0.703,0.074,84
284,CNN,Sat Jun 09 09:01:21 +0000 2018,"Penguins, Seals, and Krill: Antarctica's fragile food chain | via @CNNVR https://t.co/1BBRFfOzWk https://t.co/G46D0CB0wY",0.0,0.0,1.0,0.0,85
285,CNN,Sat Jun 09 08:31:08 +0000 2018,Anthony Bourdain's life in pictures https://t.co/76sjWPlMRR https://t.co/MtFAqaoDvC,0.0,0.0,1.0,0.0,86
286,CNN,Sat Jun 09 08:29:13 +0000 2018,"The US Embassy in Mozambique has warned of ""imminent attacks"" against government and commercial centers in a northe‚Ä¶ https://t.co/EoDJsFFoOM",-0.6124,0.0,0.762,0.238,87
287,CNN,Sat Jun 09 08:16:00 +0000 2018,Egypt is building The Grand Egyptian Museum. The cost? More than $1 billion. It will re-house and restore some of t‚Ä¶ https://t.co/R5c8mOlfrv,0.6369,0.206,0.794,0.0,88
288,CNN,Sat Jun 09 08:05:06 +0000 2018,The Justice Department won't defend the Deferred Action for Childhood Arrivals program in a federal lawsuit that Te‚Ä¶ https://t.co/0IJPEuEAF0,0.3612,0.16,0.751,0.089,89
289,CNN,Sat Jun 09 08:01:09 +0000 2018,President Trump is dressed as a king on the new Time magazine cover https://t.co/7pFcAHVSIF https://t.co/joUPfVBvUY,0.0,0.0,1.0,0.0,90
290,CNN,Sat Jun 09 07:46:00 +0000 2018,"First responders in Russellville, Arkansas, went above and beyond the call of duty to surprise a teen with autism a‚Ä¶ https://t.co/QtTP3JEFVL",0.2732,0.1,0.9,0.0,91
291,CNN,Sat Jun 09 07:31:08 +0000 2018,The world's highest glass bridge will soon be home to the world's highest bungee jump https://t.co/fAaotSRizW via‚Ä¶ https://t.co/t4WbdUBMFL,0.0,0.0,1.0,0.0,92
292,CNN,Sat Jun 09 07:16:00 +0000 2018,"Steamboat Geyser in Yellowstone National Park is erupting unusually often. One June 4, the geyser had its eighth er‚Ä¶ https://t.co/kzJPr5HFmj",0.0,0.0,1.0,0.0,93
293,CNN,Sat Jun 09 07:01:07 +0000 2018,"Researchers are looking into the possibility of using blood tests to predict a woman's risk of premature birth, whi‚Ä¶ https://t.co/vJZFkJZz7U",-0.2732,0.0,0.896,0.104,94
294,CNN,Sat Jun 09 06:46:00 +0000 2018,Watch these homes being built using a 3D printer https://t.co/igaBP4k4F8 https://t.co/cpQ97vRD2k,0.0,0.0,1.0,0.0,95
295,CNN,Sat Jun 09 06:31:07 +0000 2018,KFC says it will break with its meat-loving tradition and begin testing a vegetarian alternative to chicken later t‚Ä¶ https://t.co/WfVJGm649F,0.0,0.0,1.0,0.0,96
296,CNN,Sat Jun 09 06:16:00 +0000 2018,This Army soldier traveled from Iraq for his daughter‚Äôs graduation and surprised her at the rehearsal‚Ä¶ https://t.co/5UKjPCDo5W,0.2263,0.106,0.894,0.0,97
297,CNN,Sat Jun 09 06:01:07 +0000 2018,This is the poem a kindergarten teacher hung up so her students know what to do in a school shooting‚Ä¶ https://t.co/Tf587ohFnZ,0.0,0.0,1.0,0.0,98
298,CNN,Sat Jun 09 05:46:00 +0000 2018,Ever felt like your vacation would make a good blockbuster movie? This tour company aims to capture your travel exp‚Ä¶ https://t.co/DsmmE2rdJx,0.8519,0.354,0.646,0.0,99
299,CNN,Sat Jun 09 05:16:00 +0000 2018,This delivery man is being praised for taking a welcome mat's quirky instructions literally https://t.co/JTIKQxzCvS https://t.co/rZCmomGUOb,0.7351,0.323,0.677,0.0,100
300,FOX,Sat Jun 09 11:32:40 +0000 2018,@justkelly_ok @dmakogon @kcunning Good on him screaming into his echo chamber of privileged tech bros. He knows wel‚Ä¶ https://t.co/9bVtfvGF9S,0.4939,0.238,0.656,0.107,1
301,FOX,Sat Jun 09 10:36:55 +0000 2018,"@DanNutter_ @SiAdcock yep, I used to feel obliged/compelled/trapped in answering. these days it‚Äôs straight to archi‚Ä¶ https://t.co/T0WXQHwHCU",0.4767,0.227,0.773,0.0,2
302,FOX,Sat Jun 09 10:09:44 +0000 2018,"RT @alicegoldfuss: Since market supply of women in tech is low, I demand to be treated and priced like the artisanal, hand-crafted, locally‚Ä¶",-0.0258,0.1,0.757,0.143,3
303,FOX,Fri Jun 08 19:36:53 +0000 2018,@justkelly_ok @alicegoldfuss Basically üòÇ,0.0,0.0,1.0,0.0,4
304,FOX,Fri Jun 08 19:35:39 +0000 2018,@justkelly_ok @alicegoldfuss He‚Äôs been like this since I met him 6-7 years ago so I doubt anything will make him re‚Ä¶ https://t.co/HiznWHg60v,-0.188,0.105,0.758,0.137,5
305,FOX,Fri Jun 08 19:29:48 +0000 2018,RT @polotek: There is no hidden boogieman that's ruining diversity. It's just us. Me and you. So if I'm talking about changing things and y‚Ä¶,-0.4939,0.0,0.846,0.154,6
306,FOX,Fri Jun 08 18:28:26 +0000 2018,A quote from today‚Äôs email following that scheme. Seems like underrepresented groups need air quotes. And pay inequ‚Ä¶ https://t.co/LQFN3dfChW,0.2732,0.126,0.804,0.07,7
307,FOX,Fri Jun 08 18:23:36 +0000 2018,"Anatomy 80% of emails I get from men I don‚Äôt know with more or less ambiguous subjects (like ‚Äúhi‚Äù):

1) I have read‚Ä¶ https://t.co/fGlw52IhwC",0.0,0.0,1.0,0.0,8
308,FOX,Fri Jun 08 16:54:52 +0000 2018,@cabel This is an intervention Cabel,0.0,0.0,1.0,0.0,9
309,FOX,Fri Jun 08 13:11:00 +0000 2018,"RT @Candice_MMorgan: Please, please be responsible in reporting these tragic losses. For those struggling, and for the survivors reliving p‚Ä¶",-0.3818,0.235,0.476,0.289,10
310,FOX,Fri Jun 08 13:00:15 +0000 2018,RT @laurenduca: Reach out to someone you care about who might be struggling today. Remind them that they have a place in your heart. Ask ho‚Ä¶,0.128,0.148,0.756,0.096,11
311,FOX,Fri Jun 08 12:43:15 +0000 2018,"@ohhoe I mean, white men are never wrong so it‚Äôs obviously misinterpreted and we live in a meritocracy.

(also, yeah, a known offender.)",0.4196,0.255,0.642,0.103,12
312,FOX,Fri Jun 08 12:14:07 +0000 2018,"RT @presentcorrect: 'Your body is not a temple, it's an amusement park. Enjoy the ride.‚Äù 

Anthony Bourdain",0.6908,0.289,0.711,0.0,13
313,FOX,Fri Jun 08 12:07:07 +0000 2018,"RT @abcnews: @CNN If you or anyone you know needs help:
Lifeline on 13 11 14
Suicide Call Back Service on 1300 659 467
Beyond Blue on 1300‚Ä¶",-0.4215,0.081,0.783,0.136,14
314,FOX,Fri Jun 08 11:43:32 +0000 2018,"[cw: suicide]

Just a few days after news about Kate Spade broke, Anthony Bourdain is no longer with us. I will kee‚Ä¶ https://t.co/QDWnf7l2rA",-0.6124,0.0,0.792,0.208,15
315,FOX,Fri Jun 08 10:43:28 +0000 2018,"RT @soniagupta504: I wish people celebrated Blackness the way they celebrate LGBTQ pride, or women's issues. It seems insulting at this poi‚Ä¶",0.8519,0.394,0.505,0.101,16
316,FOX,Fri Jun 08 10:23:54 +0000 2018,"A short and sweet intro to `position: sticky`, a great alternative to JavaScript-reliant parallaxes that often lead‚Ä¶ https://t.co/9qncwTQ5wa",0.7964,0.336,0.664,0.0,17
317,FOX,Fri Jun 08 10:14:06 +0000 2018,"@jstn hope you get some rest and peace of mind. I know how debilitating anxiety can be. 

üíñ",0.6908,0.303,0.616,0.081,18
318,FOX,Fri Jun 08 09:09:38 +0000 2018,"Awesome work on Code of Conduct and publicising a response guide by @DjangoConEurope team! üëè

https://t.co/Qon2YBixIU",0.6588,0.253,0.747,0.0,19
319,FOX,Fri Jun 08 08:57:01 +0000 2018,Doing some writing in this setting today. üôåüèª https://t.co/4WQQ0sjF2Z,0.0,0.0,1.0,0.0,20
320,FOX,Fri Jun 08 08:48:59 +0000 2018,"RT @stephhippo: There is way more to your life and abilities than GitHub squares. 

Like did you know there are dogs and mountains and bake‚Ä¶",0.5423,0.164,0.836,0.0,21
321,FOX,Fri Jun 08 07:55:05 +0000 2018,"@jennschiffer not missing much other than tone-deaf comments, really ü§∑‚Äç‚ôÄÔ∏è",0.2235,0.173,0.827,0.0,22
322,FOX,Fri Jun 08 07:53:21 +0000 2018,"There are some exceptional engineers with plenty of public contributions. But, there are also numerous developers w‚Ä¶ https://t.co/3V6Aqt7AXr",0.0,0.0,1.0,0.0,23
323,FOX,Fri Jun 08 07:49:23 +0000 2018,I even wrote about this 3 years ago. Prioritising contribution numbers pushes us to engage in impression management‚Ä¶ https://t.co/bgiQdBqgsE,0.5106,0.223,0.777,0.0,24
324,FOX,Fri Jun 08 07:45:35 +0000 2018,I have done a bit of Open Source in my time as I was led to believe it was necessary for my career. It gave me very‚Ä¶ https://t.co/ykiMkb9Ofg,0.0,0.0,1.0,0.0,25
325,FOX,Fri Jun 08 07:42:56 +0000 2018,Underrepresented groups earn 20%+ less than men and have to overperform to prove their worth. Holding traditional r‚Ä¶ https://t.co/QgM7mHgCz9,0.2263,0.095,0.905,0.0,26
326,FOX,Fri Jun 08 07:40:05 +0000 2018,Github profile is excellent for validating problems with work-life balance and confirming that OS favours men with‚Ä¶ https://t.co/3dOm1ZQrOk,0.7351,0.348,0.547,0.105,27
327,FOX,Thu Jun 07 20:51:50 +0000 2018,"RT @cczona: Time for me to move forward to a new job, and new adventures, in developer relations or open source advocacy. Preference for Sa‚Ä¶",0.34,0.094,0.906,0.0,28
328,FOX,Thu Jun 07 16:00:57 +0000 2018,@dinosaur_js so.. not keynote speakers aren‚Äôt getting announced? not very inclusive.,0.0,0.0,1.0,0.0,29
329,FOX,Thu Jun 07 15:28:08 +0000 2018,Work doesn‚Äôt define you. Company valuation or social credibility shouldn‚Äôt be a marker of skill either.,0.0,0.0,1.0,0.0,30
330,FOX,Thu Jun 07 15:22:34 +0000 2018,As someone from Eastern Europe who has never worked for a ‚Äúrecognizable startup‚Äù before I can attest I was met with‚Ä¶ https://t.co/1CDIy8LuA0,0.0,0.0,1.0,0.0,31
331,FOX,Thu Jun 07 15:17:56 +0000 2018,üíØ https://t.co/n1SWxe2qby,0.0,0.0,1.0,0.0,32
332,FOX,Thu Jun 07 10:10:04 +0000 2018,@ohhoe I would definitely suggest seeing a physio for starters (if there‚Äôs a lot of pain). They usually do targeted‚Ä¶ https://t.co/WCxx8UGXtn,0.4019,0.137,0.863,0.0,33
333,FOX,Thu Jun 07 10:05:42 +0000 2018,"@ohhoe I had a lot of success with doing back+core strengthening exercises; a lot of ab work, handstands, etc. Afte‚Ä¶ https://t.co/peNBvsbNnM",0.7845,0.301,0.699,0.0,34
334,FOX,Thu Jun 07 09:23:57 +0000 2018,@glenmaddern photos man,0.0,0.0,1.0,0.0,35
335,FOX,Thu Jun 07 09:15:51 +0000 2018,I keep hearing that I‚Äôm calling out exclusion for personal gains and marketing (?!) as if it didn‚Äôt cause severe an‚Ä¶ https://t.co/bX1IQ3uKcl,-0.4003,0.094,0.706,0.2,36
336,FOX,Thu Jun 07 08:22:31 +0000 2018,"@nickfrancis haha, that is correct. thank you! üéâüëØ",0.6996,0.491,0.509,0.0,37
337,FOX,Wed Jun 06 18:46:56 +0000 2018,RT @janaboruta: If you don‚Äôt advocate for yourself no one else will.,-0.296,0.0,0.833,0.167,38
338,FOX,Wed Jun 06 17:45:10 +0000 2018,"RT @amyngyn: I use the term ""social capital"" a lot, and most URMs know exactly what I mean. ""I can't afford to comment on this one because‚Ä¶",0.0,0.0,1.0,0.0,39
339,FOX,Wed Jun 06 17:41:25 +0000 2018,"Curious how many people who follow me live in Boston. Raise your hands, friends. üëã",0.6597,0.31,0.69,0.0,40
340,FOX,Wed Jun 06 15:13:27 +0000 2018,It‚Äôs not a good look if a conference pledging inclusion doesn‚Äôt reply to my email thanking for an invitation but re‚Ä¶ https://t.co/a7hosMK8i3,-0.1786,0.0,0.918,0.082,41
341,FOX,Wed Jun 06 14:16:06 +0000 2018,"@serverhorror stigmatising mental health issues isn‚Äôt a ""positive word"".",0.5574,0.34,0.66,0.0,42
342,FOX,Wed Jun 06 13:25:15 +0000 2018,"Speaking of language and pointing out toxic cultures, ‚Äûcrazy‚Äù is an ableist term.

https://t.co/kTxqSHvPMe‚Ä¶ https://t.co/ceQIDvqcV1",0.0,0.0,1.0,0.0,43
343,FOX,Wed Jun 06 09:05:55 +0000 2018,RT @rakyll: Tech leadership is broken. Most people think the goal is to win a debate. Tech leadership should be about enabling others to de‚Ä¶,0.1779,0.131,0.761,0.107,44
344,FOX,Tue Jun 05 19:13:37 +0000 2018,"Not mentioning that culturally, GitHub has been troubled for years. It will be great to see some strong, mature lea‚Ä¶ https://t.co/PcKVhvpibV",0.802,0.338,0.563,0.099,45
345,FOX,Tue Jun 05 19:11:52 +0000 2018,I love the snarky developer outcry on how GitHub lost its independence in the process of being acquired as if the $‚Ä¶ https://t.co/g4uFmjS3aN,-0.1027,0.146,0.66,0.194,46
346,FOX,Tue Jun 05 17:31:12 +0000 2018,"Thank you for an amazing time as always, Berlin. Another @CSSconfeu and @jsconfeu in the books. 

üíñ to all the love‚Ä¶ https://t.co/1eq19chHHM",0.743,0.249,0.751,0.0,47
347,FOX,Tue Jun 05 16:52:51 +0000 2018,"RT @kittenwithawhip: If you're in a good place to do so, today would be an especially great day to ask someone how they're doing and let th‚Ä¶",0.807,0.233,0.767,0.0,48
348,FOX,Tue Jun 05 16:38:58 +0000 2018,"Not a lot of people know about this, but anyone on Medicare in Australia can be eligible for Mental Health Care Pla‚Ä¶ https://t.co/PExquk2XBd",0.6486,0.17,0.83,0.0,49
349,FOX,Tue Jun 05 16:37:53 +0000 2018,"Mental health care is crucial. There is no shame in seeking help. Talk to someone before it‚Äôs too late. ‚ù§Ô∏è 

Austra‚Ä¶ https://t.co/t4KD1EwPe4",0.1531,0.202,0.616,0.182,50
350,FOX,Tue Jun 05 09:21:52 +0000 2018,@Si thank you! üå∏,0.4199,0.583,0.417,0.0,51
351,FOX,Tue Jun 05 08:30:23 +0000 2018,RT @BusiMkhumbuzi: White women are far worse than white men. At least with white men you know you‚Äôre being seen and engaged as someone who‚Ä¶,-0.1027,0.094,0.799,0.108,52
352,FOX,Mon Jun 04 19:54:12 +0000 2018,The most exciting WWDC announcement is the new iOS 12 feature set for reducing screen time and notifications. More‚Ä¶ https://t.co/iIGXWTc8R8,0.5413,0.155,0.845,0.0,53
353,FOX,Mon Jun 04 19:40:53 +0000 2018,"As I work on Inclusive Events, a resource for community leaders and event organisers, I‚Äôve decided to share a chapt‚Ä¶ https://t.co/cLslEnCDsB",0.296,0.115,0.885,0.0,54
354,FOX,Mon Jun 04 19:29:51 +0000 2018,"RT @sodevious: ""Marginalized is about treatment. 
Privilege is about access. 
Diversity is about variety.
Inclusion is about experience.""‚Ä¶",0.3612,0.128,0.872,0.0,55
355,FOX,Mon Jun 04 16:38:18 +0000 2018,"RT @nkkl: *smart, talented people leave GH because of sexism and hostile work environment*
Tech community: This is fine.

*uncool company w‚Ä¶",0.3182,0.19,0.669,0.141,56
356,FOX,Sun Jun 03 13:35:22 +0000 2018,RT @FINOkoye: Yes!! üëèüèæüëèüèæ As someone who followed a very similar path (scholarship ticket 2016; watched online/via twitter 2017; speaker 201‚Ä¶,0.508,0.147,0.853,0.0,57
357,FOX,Sun Jun 03 13:27:20 +0000 2018,RT @taravancil: ‚ÄúTechnology is not neutral. It encodes a set of values and as a political system it encodes a set of rights‚Äù -@pfrazee at #‚Ä¶,0.4019,0.109,0.891,0.0,58
358,FOX,Sun Jun 03 12:45:30 +0000 2018,Speaking truth to power. An excellent talk on design decision making and responsibility by @FINOkoye.  üëèüèª #jsconfeu https://t.co/0ybuSyGwyj,0.7184,0.273,0.727,0.0,59
359,FOX,Sun Jun 03 12:37:49 +0000 2018,"So glad to see @the_patima cover the topic of burnout, self-care and unhealthy overperformance cultivated by the te‚Ä¶ https://t.co/HblzPyWYIe",-0.0276,0.139,0.718,0.144,60
360,FOX,Sun Jun 03 12:30:49 +0000 2018,"Best talks I‚Äôve seen at #jsconfeu were given by women, and even more so, women of color. ‚úäüèæ",0.6369,0.198,0.802,0.0,61
361,FOX,Sun Jun 03 10:40:49 +0000 2018,"Aussie team at #jsconfeu represents. üá¶üá∫

https://t.co/hQnRLioQVF",0.0,0.0,1.0,0.0,62
362,FOX,Sun Jun 03 10:08:05 +0000 2018,"RT @veernacular: ‚Äúwhite men, if you‚Äôre feeling uncomfortable right now, [then you‚Äôre only experiencing a tiny amount of what i do every day‚Ä¶",-0.2732,0.065,0.823,0.113,63
363,FOX,Sun Jun 03 07:30:16 +0000 2018,I cannot overstate how incredible leader @KimCrayton1  is. It was a privilege to see her on #jsconfeu stage. #causeascene,0.3612,0.135,0.865,0.0,64
364,FOX,Sat Jun 02 09:04:02 +0000 2018,"I‚Äôm at #jsconfeu for the next two days. Come say hi if you want to talk about web performance, community organizing‚Ä¶ https://t.co/NzjfcJfR0d",0.0772,0.058,0.942,0.0,65
365,FOX,Sat Jun 02 09:02:54 +0000 2018,RT @misprintedtype: That opening... üòçüòçüòç #jsconfeu https://t.co/oyfL5dHfPI,0.0,0.0,1.0,0.0,66
366,FOX,Sat Jun 02 08:25:55 +0000 2018,"@SandraPersing I don‚Äôt have any stickers to trade, but I feel like the fox one is very appropriate for me üòÇüôèüèª",0.5023,0.153,0.847,0.0,67
367,FOX,Sat Jun 02 08:16:54 +0000 2018,Another example of a stellar production @jsconfeu is. https://t.co/9olYAicTDg,0.0,0.0,1.0,0.0,68
368,FOX,Sat Jun 02 08:12:30 +0000 2018,RT @bibydigital: üíò @jsconfeu https://t.co/fovdb64tls,0.0,0.0,1.0,0.0,69
369,FOX,Sat Jun 02 07:57:38 +0000 2018,RT @jsconfeu: WELCOME TO JSCONF EU 2018!!! https://t.co/N8gFgOoICg,0.6817,0.397,0.603,0.0,70
370,FOX,Sat Jun 02 06:40:51 +0000 2018,"@sehurlburt I totally agree, I‚Äôve had these rules for a long time now. I wrote about it too. https://t.co/xD4DYDlSQL",0.4201,0.157,0.843,0.0,71
371,FOX,Sat Jun 02 06:33:43 +0000 2018,If I got asked if I‚Äôm technical one more time at any event I swear there will be no mercy. https://t.co/qTVg2DnGYK,0.0258,0.114,0.731,0.155,72
372,FOX,Sat Jun 02 06:19:12 +0000 2018,"Currently watching the #jsconfeu opening rehearsal and what can I say‚Ä¶

Do
Not
Miss
This.",-0.1531,0.0,0.89,0.11,73
373,FOX,Sat Jun 02 06:05:34 +0000 2018,"Another @CSSconfeu on the cards. Fantastic work by @kriesse, @rtrospekt and dozens of volunteers.

Unchangeably, th‚Ä¶ https://t.co/0qdL5MQR6q",0.5574,0.184,0.816,0.0,74
374,FOX,Fri Jun 01 08:58:09 +0000 2018,"@jackiebackwards thank you for the tweet quote in your slides üòÇ 

I really enjoyed your talk! A refreshing look on‚Ä¶ https://t.co/9VxunPHA3d",0.7495,0.285,0.715,0.0,75
375,FOX,Thu May 31 15:51:08 +0000 2018,I‚Äôm happy products like @TransferWise pop up to truly disrupt banking. I‚Äôve just transferred some funds with a $350‚Ä¶ https://t.co/myErV7CYC3,0.8442,0.363,0.637,0.0,76
376,FOX,Thu May 31 14:23:46 +0000 2018,"RT @KimCrayton1: I'd like to announce @patriciarealini as the 1st confirmed speaker for @causeasceneconf Berlin June 4th

If you are from a‚Ä¶",0.3612,0.106,0.894,0.0,77
377,FOX,Thu May 31 12:46:11 +0000 2018,"@borisschapira Thank you!

In some cases, possibly. Hosting in resorts or further from major transport hubs increas‚Ä¶ https://t.co/xTmZPkJrO1",0.4199,0.141,0.859,0.0,78
378,FOX,Thu May 31 10:49:36 +0000 2018,"RT @Katrina_HRM: The more often a woman said that she prioritizes home/family over work, the larger the controlled gender pay gap becomes,‚Ä¶",-0.1027,0.0,0.935,0.065,79
379,FOX,Thu May 31 10:27:28 +0000 2018,"RT @melkargi: I love you @sarahcuda. Love üíñ

""Silicon Valley is not data-driven' it is all about 'pattern-recognition'. Data shows us women‚Ä¶",0.8555,0.318,0.682,0.0,80
380,FOX,Thu May 31 10:24:42 +0000 2018,"Berlin friends and anyone visiting for @jsconfeu + @cssconfeu, @KimCrayton1 is running @causeasceneconf on Monday,‚Ä¶ https://t.co/vow9NZ31zY",0.4767,0.181,0.819,0.0,81
381,FOX,Thu May 31 10:02:32 +0000 2018,@ScribblingOn These are some of my favs: https://t.co/VbQCgu8VwH also I have two Foursquare lists (they have a 200‚Ä¶ https://t.co/iXFIJDmPZc,0.0,0.0,1.0,0.0,82
382,FOX,Thu May 31 09:52:36 +0000 2018,@patrickhamann üëØ,0.0,0.0,1.0,0.0,83
383,FOX,Thu May 31 09:51:46 +0000 2018,"RT @HillaryMonahan: Raise your hand if, every time a cis dude complains about #metoo, you assume he's a fucking creeper who's sexual harass‚Ä¶",0.1531,0.129,0.766,0.105,84
384,FOX,Thu May 31 09:16:40 +0000 2018,"@ScribblingOn yeah, been to the ones in Copenhagen :)",0.6369,0.426,0.574,0.0,85
385,FOX,Thu May 31 09:15:56 +0000 2018,"@andrewhobden Hallesches Haus, Voo Store and Do you read me? are some of my favs :)",0.4588,0.167,0.833,0.0,86
386,FOX,Thu May 31 09:10:49 +0000 2018,"Berlin friends: send me recommendations for cute stores with design objects, homewares, stationery and clothing.

I‚Ä¶ https://t.co/7LBPT0lbcB",0.7269,0.289,0.711,0.0,87
387,FOX,Thu May 31 08:52:35 +0000 2018,"@sheley @jsconfeu @taravancil @vanessayuenn @kriesse Holy moly, I need to up my nail game. I‚Äôm still somewhat on br‚Ä¶ https://t.co/hbxNMoAf5h",0.0,0.0,1.0,0.0,88
388,FOX,Thu May 31 07:26:56 +0000 2018,@kriesse Nails are always priority,0.0,0.0,1.0,0.0,89
389,FOX,Wed May 30 12:39:27 +0000 2018,"@I3ekka I will be there, feel free to say hello! üëã",0.5562,0.31,0.69,0.0,90
390,FOX,Wed May 30 12:35:27 +0000 2018,@paulozoom Here till Tuesday evening for CSS and JSConf. We might do some group Berlin hangs to assemble people in one place! :),0.5093,0.13,0.87,0.0,91
391,FOX,Wed May 30 12:34:28 +0000 2018,"@paulozoom I know, I have seen the expensive, tiny cheesecake. It‚Äôs the Kreuzberg pilgrimage! (Also, Bastard for breakfast)",-0.5848,0.0,0.798,0.202,92
392,FOX,Wed May 30 12:32:08 +0000 2018,@paulozoom I need to have it very soon. It‚Äôs the most important part of my itinerary,0.2716,0.13,0.87,0.0,93
393,FOX,Wed May 30 12:25:58 +0000 2018,"Wie geht‚Äôs, Deutschland? Ich bin sehr m√ºde. üò∂",0.0,0.0,1.0,0.0,94
394,FOX,Wed May 30 12:22:42 +0000 2018,RT @AyadeLeon: Submit your work to the @shewritespress  scholarship for women of color writers. Deadline is July 1. Grand prize  is a publi‚Ä¶,0.743,0.24,0.76,0.0,95
395,FOX,Wed May 30 02:42:33 +0000 2018,@kriesse It‚Äôs been too long üíîüíñ,0.0,0.0,1.0,0.0,96
396,FOX,Wed May 30 02:42:05 +0000 2018,@lrnrd Omg see you soon! üòç‚ú®üíÖüèªüëØ‚Äç‚ôÄÔ∏è,0.0,0.0,1.0,0.0,97
397,FOX,Tue May 29 11:20:52 +0000 2018,"MEL ‚úàÔ∏è AUH ‚úàÔ∏è MUC ‚úàÔ∏è TXL

üò¥üò¨üòÜüò±üëΩ",0.0,0.0,1.0,0.0,98
398,FOX,Tue May 29 07:33:39 +0000 2018,@ZachACole Concierge is good too! I once had an AirBnB *above* FE. Smelling cheesecake every single morning. ü§§,0.4926,0.175,0.825,0.0,99
399,FOX,Tue May 29 03:23:52 +0000 2018,@EliSymeon yay! üòá,0.5707,0.787,0.213,0.0,100
400,nytimes,Sun Jun 10 02:59:05 +0000 2018,"RT @peterbakernyt: With a petulant tweetstorm from Air Force One, Trump all but blew up the G-7 nations that the United States has led for‚Ä¶",0.5719,0.139,0.861,0.0,1
401,nytimes,Sun Jun 10 02:50:25 +0000 2018,"On Horse Racing: At 52, Mike Smith Has the Ride of His Life https://t.co/QIESi0NjMT",0.0,0.0,1.0,0.0,2
402,nytimes,Sun Jun 10 02:25:06 +0000 2018,RT @amyvirshup: Kris Kobach email in group of documents released in connection with census lawsuit says he talked to Wilbur Ross about citi‚Ä¶,-0.2263,0.0,0.921,0.079,3
403,nytimes,Sun Jun 10 02:15:35 +0000 2018,"Before leaving the annual meeting of major world powers, President Trump said that on a scale of 0 to 10, ""the rela‚Ä¶ https://t.co/5dSqlZmSHy",0.0,0.0,1.0,0.0,4
404,nytimes,Sun Jun 10 02:05:49 +0000 2018,Documents Show Political Lobbying in Census Question About Citizenship https://t.co/41VoR04bNy,-0.0772,0.0,0.874,0.126,5
405,nytimes,Sun Jun 10 02:03:04 +0000 2018,"Venomous stonefish are ugly, and they're poisonous. And now scientists have discovered that they carry switchblades. https://t.co/YsJ7HkazJa",-0.7906,0.0,0.682,0.318,6
406,nytimes,Sun Jun 10 01:56:53 +0000 2018,"Trudeau‚Äôs office responded to Trump's tweets with a statement: ""We are focused on everything we accomplished here a‚Ä¶ https://t.co/wQERlgpNnJ",0.6705,0.256,0.744,0.0,7
407,nytimes,Sun Jun 10 01:47:24 +0000 2018,"The ice over Manhattan would have buried even the tallest skyscraper. As it melted, giant boulders embedded deep wi‚Ä¶ https://t.co/ulWgedMV5w",0.0,0.0,1.0,0.0,8
408,nytimes,Sun Jun 10 01:35:50 +0000 2018,"Trudeau sought to play down personal clashes with Trump as he wrapped up the G-7 summit, saying he leaves ‚Äúinspired‚Ä¶ https://t.co/gY0bzq4klo",0.34,0.107,0.893,0.0,9
409,nytimes,Sun Jun 10 01:30:41 +0000 2018,Nick Cave Wants You to Work It Out on the Dance Floor https://t.co/GMPPrGqLh7,0.0,0.0,1.0,0.0,10
410,nytimes,Sun Jun 10 01:18:36 +0000 2018,"Janelle Mon√°e brings a pair of big fuzzy socks on the road. ""I like to moonwalk when I‚Äôm on the tour bus. It‚Äôs my f‚Ä¶ https://t.co/jbf5ZtCzC8",0.3612,0.094,0.906,0.0,11
411,nytimes,Sun Jun 10 01:03:05 +0000 2018,"RT @kimseverson: Here's a sketch of Bourdain‚Äôs last couple of days in the medieval village where he died, from @MilanSchreuer of the @nytim‚Ä¶",-0.5574,0.0,0.854,0.146,12
412,nytimes,Sun Jun 10 00:04:46 +0000 2018,Judge Stops Deportation of a New York Pizza Delivery Man https://t.co/HvmhAiLkvU,-0.1531,0.0,0.849,0.151,13
413,nytimes,Sat Jun 09 23:43:28 +0000 2018,RT @nytimestravel: This year would have been Leonard Bernstein's 100th birthday. Celebrate his rich musical legacy at these events around t‚Ä¶,0.8074,0.278,0.722,0.0,14
414,nytimes,Sat Jun 09 23:43:02 +0000 2018,"Breaking News: President Trump upended two days of diplomacy, refusing to sign a Group of 7 statement and calling P‚Ä¶ https://t.co/Y0hQKylGpt",-0.4019,0.0,0.87,0.13,15
415,nytimes,Sat Jun 09 23:25:30 +0000 2018,I Have Post-Brokeness Stress Disorder https://t.co/DzbNcVsanm,-0.6705,0.0,0.353,0.647,16
416,nytimes,Sat Jun 09 23:11:56 +0000 2018,The powerful conservative donor couple you‚Äôve never heard of: Liz and Dick Uihlein are spending millions to shape a‚Ä¶ https://t.co/X4PKGfkCQc,-0.128,0.116,0.747,0.137,17
417,nytimes,Sat Jun 09 22:53:56 +0000 2018,"Breaking News: Justify won the Belmont Stakes to become the 13th Triple Crown champion, the second in 4 years https://t.co/hm0DyHs93a",0.8225,0.309,0.691,0.0,18
418,nytimes,Sat Jun 09 22:53:01 +0000 2018,"""This has been a very slim Broadway season."" What NYT's theater critics had to say about the Tony Awards nomination‚Ä¶ https://t.co/4LbGoj8MbY",0.2023,0.129,0.776,0.095,19
419,nytimes,Sat Jun 09 22:36:48 +0000 2018,"What to watch, what to read and what to listen to by and about Anthony Bourdain https://t.co/xKVpypbD5i",0.0,0.0,1.0,0.0,20
420,nytimes,Sat Jun 09 22:20:02 +0000 2018,"She went out for a walk with her dogs. Then she went missing. Hours later, officials found human remains inside of‚Ä¶ https://t.co/wMhCiG236J",-0.296,0.0,0.901,0.099,21
421,nytimes,Sat Jun 09 22:10:05 +0000 2018,"Justify will attempt to become the 13th Triple Crown winner, and first since American Pharoah in 2015, in the Belmo‚Ä¶ https://t.co/oSk73TTFVu",0.5859,0.16,0.84,0.0,22
422,nytimes,Sat Jun 09 22:00:09 +0000 2018,"New parks are cropping up across the city, many courtesy of new apartment complexes, but you won‚Äôt need to have a p‚Ä¶ https://t.co/NW2yo2cQ4L",0.1901,0.077,0.923,0.0,23
423,nytimes,Sat Jun 09 21:45:04 +0000 2018,"These sweet, lemony rolls are a fresh alternative to classic cinnamon rolls https://t.co/prmvr6p22Z",0.6486,0.346,0.654,0.0,24
424,nytimes,Sat Jun 09 21:30:11 +0000 2018,"In @NYTOpinion

Sarah Jackson writes, ""Anthony Bourdain was not just curious about food and the world. He was aware‚Ä¶ https://t.co/5hEzlnvRuR",-0.2411,0.0,0.906,0.094,25
425,nytimes,Sat Jun 09 21:15:06 +0000 2018,Anthony Bourdain understood that eating was simply a way of taking the world inside you https://t.co/MFUCcrSnln,0.0,0.0,1.0,0.0,26
426,nytimes,Sat Jun 09 21:00:09 +0000 2018,"A salmonella outbreak has been linked to melons sold at Trader Joe's, Costco, Walgreens and other stores in 8 states https://t.co/OelPlvpK5c",0.0,0.0,1.0,0.0,27
427,nytimes,Sat Jun 09 20:45:08 +0000 2018,"With American presidential races requiring an ever-dizzying amount of money, a behind-the-scenes 2020 contest is al‚Ä¶ https://t.co/tHOnZLcUXg",0.0,0.0,1.0,0.0,28
428,nytimes,Sat Jun 09 20:37:06 +0000 2018,"RT @NYTNational: ‚ö°Ô∏è ‚ÄúAudio Series: ‚ÄãCharm City‚Äù

https://t.co/wY7o7Opy3u",0.0,0.0,1.0,0.0,29
429,nytimes,Sat Jun 09 20:30:05 +0000 2018,"Surveillance cameras are an inescapable fixture of the modern city. But in Newark, the police have taken an extraor‚Ä¶ https://t.co/lzw2Eo7eCH",0.0,0.0,1.0,0.0,30
430,nytimes,Sat Jun 09 20:15:09 +0000 2018,We demolish the lame excuses British executives gave for the lack of women on corporate boards. Read the latest Gen‚Ä¶ https://t.co/jhJiWjGPGd,-0.6249,0.0,0.788,0.212,31
431,nytimes,Sat Jun 09 20:00:07 +0000 2018,"With Kyrie Irving's popularity has come controversy: He has questioned several times whether the Earth is round, an‚Ä¶ https://t.co/XuXD1Q2qPy",0.4019,0.144,0.791,0.065,32
432,nytimes,Sat Jun 09 19:45:02 +0000 2018,"In @NYTOpinion 

Daniel Patterson writes, ""No matter how famous and seemingly unapproachable he became in the world‚Ä¶ https://t.co/BQnrKYPvyI",-0.2732,0.057,0.829,0.114,33
433,nytimes,Sat Jun 09 19:30:10 +0000 2018,Gun ranges and gun shops in several states have declared themselves ‚ÄúMuslim-free zones.‚Äù Several Muslim gun owners‚Ä¶ https://t.co/GOwpHFkLks,-0.7351,0.0,0.676,0.324,34
434,nytimes,Sat Jun 09 19:15:07 +0000 2018,"In @NYTOpinion 

Musa Okwonga writes, ""Here we are again on the eve of the planet‚Äôs greatest traveling festival: Ye‚Ä¶ https://t.co/nBxJnGwvsF",0.8126,0.291,0.709,0.0,35
435,nytimes,Sat Jun 09 19:00:09 +0000 2018,Have questions about the Belmont Stakes and the Triple Crown? We have your answers. https://t.co/GPu2uPlTRV,0.0,0.0,1.0,0.0,36
436,nytimes,Sat Jun 09 18:45:05 +0000 2018,‚ÄúI talk back to people when they say something about me now because I know even with my condition that I am beautif‚Ä¶ https://t.co/TJmesUhGTL,0.0,0.0,1.0,0.0,37
437,nytimes,Sat Jun 09 18:30:14 +0000 2018,Science is taking a back seat in policymaking across the Trump administration. The North Korea nuclear talks offer‚Ä¶ https://t.co/hauZtxGqq5,0.0,0.0,1.0,0.0,38
438,nytimes,Sat Jun 09 18:15:08 +0000 2018,"In his own unorthodox way, Trump has been preparing for this encounter with Kim Jong-Un his entire adult life https://t.co/VlXkCmqssL",0.0,0.0,1.0,0.0,39
439,nytimes,Sat Jun 09 18:00:05 +0000 2018,"With his America First agenda, Trump has driven a wedge between the U.S. and its allies, ceding leadership and its‚Ä¶ https://t.co/sfyYD4o3hM",0.0,0.0,1.0,0.0,40
440,nytimes,Sat Jun 09 17:50:07 +0000 2018,"RT @TheSteinLine: All the tales ‚Äî legacy, free agency, injury ‚Äî from what might (or might not) have been LeBron James‚Äô last night as a Clev‚Ä¶",0.128,0.122,0.775,0.103,41
441,nytimes,Sat Jun 09 17:40:03 +0000 2018,California has dug in at the front lines of the resistance to President Trump. And then there is Orange County. https://t.co/BSVW14kSmd,0.0,0.0,1.0,0.0,42
442,nytimes,Sat Jun 09 17:25:03 +0000 2018,"What to watch, what to read and what to listen to by and about Anthony Bourdain https://t.co/TR5noBS7Ee",0.0,0.0,1.0,0.0,43
443,nytimes,Sat Jun 09 17:10:03 +0000 2018,"Who‚Äôs right, Elon Musk or Mark Zuckerberg? Is supersmart artificial intelligence a potential threat to humans, or a‚Ä¶ https://t.co/8zay2rbSEG",-0.0772,0.138,0.711,0.151,44
444,nytimes,Sat Jun 09 17:00:23 +0000 2018,"RT @stanfordc: I‚Äôm proud to say that there has never been a swimsuit portion of the news quiz 
https://t.co/e1Z8wlhYvy https://t.co/4YJ7UrG‚Ä¶",0.4767,0.147,0.853,0.0,45
445,nytimes,Sat Jun 09 16:45:09 +0000 2018,"30 billion gallons of Hawaiian lava, as seen from the ground and space https://t.co/vz9qQOCYS9",0.0,0.0,1.0,0.0,46
446,nytimes,Sat Jun 09 16:30:07 +0000 2018,She wanted to celebrate their marriage in lavish style. He had something less lofty in mind. A lovers‚Äô battle ensue‚Ä¶ https://t.co/RnvIaxRtRP,0.2732,0.152,0.741,0.107,47
447,nytimes,Sat Jun 09 16:15:02 +0000 2018,"Anthony Bourdain's sudden death at Le Chambard, a hotel in the village of Kaysersberg in northeastern France, sent‚Ä¶ https://t.co/V5gRoZKGQN",-0.5994,0.0,0.813,0.187,48
448,nytimes,Sat Jun 09 16:01:00 +0000 2018,"@jimdwyernyt ""The supply of excellent schools cannot meet the demands of capable students, whatever their backgroun‚Ä¶ https://t.co/KF39XvdUjJ",0.743,0.296,0.704,0.0,49
449,nytimes,Sat Jun 09 15:58:00 +0000 2018,"@jimdwyernyt The specialized schools are far from bastions of privilege, dominated by immigrants or the children of‚Ä¶ https://t.co/DWOoiPghSz",0.3612,0.128,0.872,0.0,50
450,nytimes,Sat Jun 09 15:55:03 +0000 2018,"In New York‚Äôs ragged history of race, class, privilege and equity, the city‚Äôs specialized high schools have long be‚Ä¶ https://t.co/HL2yw2JmHz",0.3612,0.116,0.884,0.0,51
451,nytimes,Sat Jun 09 15:41:58 +0000 2018,Breaking News: President Trump threatened to end trade with G-7 nations that he said use unfair practices. ‚ÄúWe‚Äôre l‚Ä¶ https://t.co/uI5rOmZ76O,-0.7269,0.0,0.747,0.253,52
452,nytimes,Sat Jun 09 15:32:50 +0000 2018,"Flaky mounds of quick bread, golden brown, with a significant crumb https://t.co/wbMRgvySpY",0.2023,0.153,0.847,0.0,53
453,nytimes,Sat Jun 09 15:16:31 +0000 2018,Breaking News: Simona Halep of Romania beat Sloane Stephens to win the French Open. It was the first Grand Slam tit‚Ä¶ https://t.co/3sFwWkJ353,0.6369,0.239,0.669,0.092,54
454,nytimes,Sat Jun 09 15:05:06 +0000 2018,Her $1 million gift left educators asking: How was one teacher able to save so much money?https://t.co/Vv8fhgbwWA,0.7269,0.289,0.711,0.0,55
455,nytimes,Sat Jun 09 14:51:21 +0000 2018,"If you or someone else you know is having thoughts of suicide, call the National Suicide Prevention Lifeline at 1-8‚Ä¶ https://t.co/5kOUYV8c3u",-0.875,0.0,0.679,0.321,56
456,nytimes,Sat Jun 09 14:50:03 +0000 2018,New federal data shows that suicide rates have been increasing for years in almost every state and across demograph‚Ä¶ https://t.co/g6znmjYQl5,-0.6705,0.0,0.809,0.191,57
457,nytimes,Sat Jun 09 14:37:50 +0000 2018,"After failing to repeal the Affordable Care Act, the Trump administration is seizing on a different strategy for di‚Ä¶ https://t.co/Low8zwBsVL",-0.0258,0.136,0.723,0.14,58
458,nytimes,Sat Jun 09 14:36:39 +0000 2018,"Our experts weighed in on the contenders, including the Triple Crown hopeful Justify, for the 150th Belmont Stakes https://t.co/xi9TIoAxWb",0.5106,0.155,0.845,0.0,59
459,nytimes,Sat Jun 09 14:20:07 +0000 2018,"RT @NYTMetro: ‚ÄúThis is the deportation machine in full effect, and everyone should wake up to how American citizens and their families are‚Ä¶",0.0,0.0,1.0,0.0,60
460,nytimes,Sat Jun 09 14:02:25 +0000 2018,"RT @caityweaver: The strangest and best recommendation I will ever make to you is: Listen to the same 4 podcast appearances by ""Sex and the‚Ä¶",0.6369,0.16,0.84,0.0,61
461,nytimes,Sat Jun 09 13:43:12 +0000 2018,Pope Tells Oil Executives to Act on Climate: ‚ÄòThere Is No Time to Lose‚Äô https://t.co/jpXdOMmBOf,-0.296,0.0,0.864,0.136,62
462,nytimes,Sat Jun 09 13:38:05 +0000 2018,Elizabeth Warren and a Scholarly Debate Over Medical Bankruptcy That Won‚Äôt Go Away https://t.co/mbz6wvuSUO,0.0,0.0,1.0,0.0,63
463,nytimes,Sat Jun 09 13:26:45 +0000 2018,RT @NYTStyles: Parties! https://t.co/MdgG2e1xjI,0.4574,0.499,0.501,0.0,64
464,nytimes,Sat Jun 09 13:06:58 +0000 2018,"RT @nytimesbusiness: ""Wealth was about being able to create the change you wish to see in the world.‚Äù https://t.co/KoQCO5Iy1y",0.7906,0.333,0.667,0.0,65
465,nytimes,Sat Jun 09 12:50:47 +0000 2018,An exhibition in London examines the feelings people harbor about their teeth. Here's a look at some of the most cu‚Ä¶ https://t.co/KRz76xwrXq,0.0,0.0,1.0,0.0,66
466,nytimes,Sat Jun 09 12:33:02 +0000 2018,RT @NYTSports: Need a winner for the Belmont Stakes? @MHoppertNYT and @joedrape have you covered: https://t.co/44joWHhuTm,0.5859,0.213,0.787,0.0,67
467,nytimes,Sat Jun 09 12:32:42 +0000 2018,Why Cities Can‚Äôt Stop Poaching From One Another https://t.co/X1SeTjbqKs,-0.296,0.0,0.784,0.216,68
468,nytimes,Sat Jun 09 12:17:32 +0000 2018,RT @nytimesworld: Austrian officials have ordered seven mosques to close and may refuse dozens of imams the right to reside in the country‚Ä¶,-0.296,0.0,0.909,0.091,69
469,nytimes,Sat Jun 09 12:00:08 +0000 2018,RT @nytrealestate: A quick guide to what you need to get your first apartment in New York City https://t.co/NQYV03Xkyn,0.0,0.0,1.0,0.0,70
470,nytimes,Sat Jun 09 11:49:08 +0000 2018,Men‚Äôs Fashion Week Loses Some Luster https://t.co/TCj0nbeFMj,-0.3182,0.0,0.723,0.277,71
471,nytimes,Sat Jun 09 11:41:16 +0000 2018,"Inside New York‚Äôs dollar van wars: strict regulations, low margins and a constant fight with rogue van drivers https://t.co/kiAEpdxkgV",-0.8074,0.0,0.644,0.356,72
472,nytimes,Sat Jun 09 11:23:34 +0000 2018,"RT @NYTMetro: On the stoop that was his perch, a requiem for the mayor of West 83rd Street, in Manhattan. https://t.co/qRN1VlPo1t",0.0,0.0,1.0,0.0,73
473,nytimes,Sat Jun 09 11:07:18 +0000 2018,"Charlotte Fox, 61, Trailblazing Alpinist and Everest Survivor, Dies https://t.co/nM5gpQdLhB",0.3612,0.217,0.783,0.0,74
474,nytimes,Sat Jun 09 11:05:12 +0000 2018,A Good Appetite: Chicken Milanese Has Its Moment https://t.co/Rhco2hq6mS,0.4404,0.293,0.707,0.0,75
475,nytimes,Sat Jun 09 11:03:06 +0000 2018,The New York Times obituary for Anthony Bourdain https://t.co/D697EnEWQX,0.0,0.0,1.0,0.0,76
476,nytimes,Sat Jun 09 10:35:35 +0000 2018,RT @NYTmag: 24 hours. 23 photographers. One city. One topic: Love. Watch the making of this issue https://t.co/s2uND5xgVs and see the full‚Ä¶,0.6369,0.167,0.833,0.0,77
477,nytimes,Sat Jun 09 10:18:25 +0000 2018,The recent volcanic eruptions in Hawaii and Guatemala are a reminder that not all volcanoes are created equal https://t.co/M7sNdtwIzJ,0.25,0.105,0.895,0.0,78
478,nytimes,Sat Jun 09 10:00:17 +0000 2018,"For the 3rd time in 4 seasons, and for the 2nd year in a row, the Golden State Warriors are NBA champions https://t.co/r7NgjH0nbf",0.5267,0.145,0.855,0.0,79
479,nytimes,Sat Jun 09 09:41:41 +0000 2018,"RT @nytimestech: The Chinese electronics maker ZTE has survived its brush with death. Now, it has to figure out how to stay in business. He‚Ä¶",-0.1531,0.109,0.762,0.129,80
480,nytimes,Sat Jun 09 09:24:47 +0000 2018,"RT @nytrealestate: You may like the contractor, but does the contractor like you back? https://t.co/kPShW4JONu",0.6124,0.278,0.722,0.0,81
481,nytimes,Sat Jun 09 09:07:20 +0000 2018,"RT @NYTmag: On a rainy Saturday morning on May 19, @philip_nyc captured love in the middle of Times Square. See more from our #NYTLoveCity‚Ä¶",0.5994,0.158,0.792,0.049,82
482,nytimes,Sat Jun 09 08:50:10 +0000 2018,How I Used Art to Get Through Trauma https://t.co/7N5fzAxLoe,-0.4215,0.0,0.714,0.286,83
483,nytimes,Sat Jun 09 08:42:33 +0000 2018,"The NYT review of ""Ocean's 8"" https://t.co/flFaRzpyzr",0.0,0.0,1.0,0.0,84
484,nytimes,Sat Jun 09 08:26:14 +0000 2018,She‚Äôs photographed Broadway for years. Now Broadway is honoring her. https://t.co/eI7sfheNWI,0.5106,0.248,0.752,0.0,85
485,nytimes,Sat Jun 09 08:09:03 +0000 2018,The killing in Germany comes on top of a deepening scandal and calls for a full-blown parliamentary investigation o‚Ä¶ https://t.co/0p5qfKyP2V,-0.7579,0.075,0.622,0.303,86
486,nytimes,Sat Jun 09 07:42:08 +0000 2018,"RT @nytimesworld: More than 140 miles away and three decades after the Chernobyl disaster, some cows still make radioactive milk https://t.‚Ä¶",-0.6249,0.0,0.83,0.17,87
487,nytimes,Sat Jun 09 07:25:53 +0000 2018,RT @nytopinion: This weekend we are sharing some pieces on music. Think of it as a little inspiration to appreciate the soundtrack of your‚Ä¶,0.8097,0.294,0.706,0.0,88
488,nytimes,Sat Jun 09 07:09:23 +0000 2018,"RT @nytimesbusiness: HBO is making a pilot for one of the five ""Game of Thrones"" prequels it has in development https://t.co/EMeqQvEdHQ",0.0,0.0,1.0,0.0,89
489,nytimes,Sat Jun 09 06:52:51 +0000 2018,"Taliban Announce Brief Cease-Fire, Offering Afghans Hope for Lull in War https://t.co/IlMkkFHSCM",-0.25,0.173,0.595,0.232,90
490,nytimes,Sat Jun 09 06:41:20 +0000 2018,"RT @NYTMetro: Underneath the umbrella: a fascinating photo portfolio of the lifeguards of Jones Beach, in all their stoic, bored, heroic gl‚Ä¶",0.7184,0.261,0.662,0.077,91
491,nytimes,Sat Jun 09 06:24:54 +0000 2018,"China‚Äôs ZTE‚Äî a little-known electronics maker‚Äî became an unlikely political football, then an even unlikelier objec‚Ä¶ https://t.co/APxvWFepXB",0.0,0.0,1.0,0.0,92
492,nytimes,Sat Jun 09 06:06:12 +0000 2018,"Andrew Rannells: ""I didn't feel jealous; I felt driven. I wanted to be one of those people on the Tonys."" https://t.co/i3LX0WgQBb",0.357,0.121,0.879,0.0,93
493,nytimes,Sat Jun 09 05:50:04 +0000 2018,Here's who we think will win the Tonys (and who should) https://t.co/ZlqqPQRtvt,0.5859,0.257,0.743,0.0,94
494,nytimes,Sat Jun 09 05:35:00 +0000 2018,Justice Dept. Requests Delay if DACA Injunction Is Issued https://t.co/HB7h98gENy,0.2732,0.248,0.584,0.168,95
495,nytimes,Sat Jun 09 05:32:30 +0000 2018,"RT @nytpolitics: The president said that Melania Trump ‚Äúwanted to go‚Äù with him to the Group of 7 summit meeting in Quebec, but was staying‚Ä¶",0.0,0.0,1.0,0.0,96
496,nytimes,Sat Jun 09 05:00:08 +0000 2018,"50 years after his death, friends, aides and journalists recall Robert F. Kennedy's last campaign in California, hi‚Ä¶ https://t.co/bAveWEnYW5",-0.2023,0.129,0.708,0.163,97
497,nytimes,Sat Jun 09 04:45:03 +0000 2018,"In Canada, many observers were calling it the ""G-6 plus 1"" ‚Äî with President Trump being cast as the irrational, ira‚Ä¶ https://t.co/AUbzhnVmGY",-0.34,0.0,0.893,0.107,98
498,nytimes,Sat Jun 09 04:30:05 +0000 2018,"RT @kenvogel: MANAFORT paid KONSTANTIN KILIMNIK $531k in 2013 &amp; 2014, according to lobbying records, but that covers only a fraction of the‚Ä¶",-0.0387,0.0,0.948,0.052,99
499,nytimes,Sat Jun 09 04:15:04 +0000 2018,What should you do when a loved one is severely depressed? Don‚Äôt underestimate the power of showing up. https://t.co/yqRyXmSWiM,-0.5574,0.148,0.53,0.322,100
